torchvision training started: model=faster_rcnn device=cuda:0 epochs=500
epoch 1/500 training
epoch 1/500 validation
epoch 1/500 validation loss
checkpoint last saved: runs/reproduced/faster_rcnn-detector512/checkpoints/last.pt
checkpoint best updated: epoch 1 metric=0.000000
epoch=1 train_loss=2.523196 lr=0.001 selection=val_map_50_95:0.000000 best=true images=320/320 skipped=0 elapsed=24.54s val_loss=1.919778 val_map50=0.000000 val_map50_95=0.000000
epoch 2/500 training
epoch 2/500 validation
epoch 2/500 validation loss
checkpoint last saved: runs/reproduced/faster_rcnn-detector512/checkpoints/last.pt
checkpoint best updated: epoch 2 metric=0.052993
epoch=2 train_loss=1.820859 lr=0.001 selection=val_map_50_95:0.052993 best=true images=320/320 skipped=0 elapsed=39.57s val_loss=1.594331 val_map50=0.183313 val_map50_95=0.052993
epoch 3/500 training
epoch 3/500 validation
epoch 3/500 validation loss
checkpoint last saved: runs/reproduced/faster_rcnn-detector512/checkpoints/last.pt
checkpoint best updated: epoch 3 metric=0.238915
epoch=3 train_loss=1.509832 lr=0.001 selection=val_map_50_95:0.238915 best=true images=320/320 skipped=0 elapsed=54.46s val_loss=1.299452 val_map50=0.656746 val_map50_95=0.238915
epoch 4/500 training
epoch 4/500 validation
epoch 4/500 validation loss
checkpoint last saved: runs/reproduced/faster_rcnn-detector512/checkpoints/last.pt
checkpoint best updated: epoch 4 metric=0.349998
epoch=4 train_loss=1.248941 lr=0.001 selection=val_map_50_95:0.349998 best=true images=320/320 skipped=0 elapsed=68.12s val_loss=1.118611 val_map50=0.817985 val_map50_95=0.349998
epoch 5/500 training
epoch 5/500 validation
epoch 5/500 validation loss
checkpoint last saved: runs/reproduced/faster_rcnn-detector512/checkpoints/last.pt
checkpoint best updated: epoch 5 metric=0.423657
epoch=5 train_loss=1.119041 lr=0.001 selection=val_map_50_95:0.423657 best=true images=320/320 skipped=0 elapsed=81.56s val_loss=0.976185 val_map50=0.850803 val_map50_95=0.423657
epoch 6/500 training
epoch 6/500 validation
epoch 6/500 validation loss
checkpoint last saved: runs/reproduced/faster_rcnn-detector512/checkpoints/last.pt
checkpoint best updated: epoch 6 metric=0.442990
epoch=6 train_loss=1.020561 lr=0.001 selection=val_map_50_95:0.442990 best=true images=320/320 skipped=0 elapsed=96.49s val_loss=0.934220 val_map50=0.873551 val_map50_95=0.442990
epoch 7/500 training
epoch 7/500 validation
epoch 7/500 validation loss
checkpoint last saved: runs/reproduced/faster_rcnn-detector512/checkpoints/last.pt
checkpoint best updated: epoch 7 metric=0.469259
epoch=7 train_loss=0.971041 lr=0.001 selection=val_map_50_95:0.469259 best=true images=320/320 skipped=0 elapsed=109.59s val_loss=0.880228 val_map50=0.886828 val_map50_95=0.469259
epoch 8/500 training
epoch 8/500 validation
epoch 8/500 validation loss
checkpoint last saved: runs/reproduced/faster_rcnn-detector512/checkpoints/last.pt
checkpoint best updated: epoch 8 metric=0.494095
epoch=8 train_loss=0.942213 lr=0.001 selection=val_map_50_95:0.494095 best=true images=320/320 skipped=0 elapsed=123.53s val_loss=0.835046 val_map50=0.908518 val_map50_95=0.494095
epoch 9/500 training
epoch 9/500 validation
epoch 9/500 validation loss
checkpoint last saved: runs/reproduced/faster_rcnn-detector512/checkpoints/last.pt
checkpoint best updated: epoch 9 metric=0.502983
epoch=9 train_loss=0.891065 lr=0.001 selection=val_map_50_95:0.502983 best=true images=320/320 skipped=0 elapsed=137.05s val_loss=0.812264 val_map50=0.920017 val_map50_95=0.502983
epoch 10/500 training
epoch 10/500 validation
epoch 10/500 validation loss
checkpoint last saved: runs/reproduced/faster_rcnn-detector512/checkpoints/last.pt
checkpoint best updated: epoch 10 metric=0.503879
epoch=10 train_loss=0.882802 lr=0.001 selection=val_map_50_95:0.503879 best=true images=320/320 skipped=0 elapsed=150.03s val_loss=0.817593 val_map50=0.911495 val_map50_95=0.503879
epoch 11/500 training
epoch 11/500 validation
epoch 11/500 validation loss
checkpoint last saved: runs/reproduced/faster_rcnn-detector512/checkpoints/last.pt
checkpoint best updated: epoch 11 metric=0.514752
epoch=11 train_loss=0.851196 lr=0.001 selection=val_map_50_95:0.514752 best=true images=320/320 skipped=0 elapsed=163.41s val_loss=0.784093 val_map50=0.913166 val_map50_95=0.514752
epoch 12/500 training
epoch 12/500 validation
epoch 12/500 validation loss
checkpoint last saved: runs/reproduced/faster_rcnn-detector512/checkpoints/last.pt
checkpoint best updated: epoch 12 metric=0.526010
epoch=12 train_loss=0.836792 lr=0.001 selection=val_map_50_95:0.526010 best=true images=320/320 skipped=0 elapsed=176.13s val_loss=0.761888 val_map50=0.921891 val_map50_95=0.526010
epoch 13/500 training
epoch 13/500 validation
epoch 13/500 validation loss
checkpoint last saved: runs/reproduced/faster_rcnn-detector512/checkpoints/last.pt
checkpoint best updated: epoch 13 metric=0.532924
epoch=13 train_loss=0.830678 lr=0.001 selection=val_map_50_95:0.532924 best=true images=320/320 skipped=0 elapsed=189.71s val_loss=0.762017 val_map50=0.922981 val_map50_95=0.532924
epoch 14/500 training
epoch 14/500 validation
epoch 14/500 validation loss
checkpoint last saved: runs/reproduced/faster_rcnn-detector512/checkpoints/last.pt
checkpoint best updated: epoch 14 metric=0.534545
epoch=14 train_loss=0.798045 lr=0.001 selection=val_map_50_95:0.534545 best=true images=320/320 skipped=0 elapsed=204.21s val_loss=0.742625 val_map50=0.923888 val_map50_95=0.534545
epoch 15/500 training
epoch 15/500 validation
epoch 15/500 validation loss
checkpoint last saved: runs/reproduced/faster_rcnn-detector512/checkpoints/last.pt
checkpoint best updated: epoch 15 metric=0.541020
epoch=15 train_loss=0.793994 lr=0.001 selection=val_map_50_95:0.541020 best=true images=320/320 skipped=0 elapsed=217.26s val_loss=0.727124 val_map50=0.933446 val_map50_95=0.541020
epoch 16/500 training
epoch 16/500 validation
epoch 16/500 validation loss
checkpoint last saved: runs/reproduced/faster_rcnn-detector512/checkpoints/last.pt
checkpoint best updated: epoch 16 metric=0.546244
epoch=16 train_loss=0.827439 lr=0.001 selection=val_map_50_95:0.546244 best=true images=320/320 skipped=0 elapsed=235.87s val_loss=0.726559 val_map50=0.923858 val_map50_95=0.546244
epoch 17/500 training
epoch 17/500 validation
epoch 17/500 validation loss
checkpoint last saved: runs/reproduced/faster_rcnn-detector512/checkpoints/last.pt
epoch=17 train_loss=0.787777 lr=0.001 selection=val_map_50_95:0.543680 best=false images=320/320 skipped=0 elapsed=247.59s val_loss=0.718037 val_map50=0.924274 val_map50_95=0.543680
epoch 18/500 training
epoch 18/500 validation
epoch 18/500 validation loss
checkpoint last saved: runs/reproduced/faster_rcnn-detector512/checkpoints/last.pt
checkpoint best updated: epoch 18 metric=0.548880
epoch=18 train_loss=0.789115 lr=0.001 selection=val_map_50_95:0.548880 best=true images=320/320 skipped=0 elapsed=263.65s val_loss=0.720649 val_map50=0.933159 val_map50_95=0.548880
epoch 19/500 training
epoch 19/500 validation
epoch 19/500 validation loss
checkpoint last saved: runs/reproduced/faster_rcnn-detector512/checkpoints/last.pt
epoch=19 train_loss=0.789708 lr=0.001 selection=val_map_50_95:0.532925 best=false images=320/320 skipped=0 elapsed=275.85s val_loss=0.725921 val_map50=0.933745 val_map50_95=0.532925
epoch 20/500 training
epoch 20/500 validation
epoch 20/500 validation loss
checkpoint last saved: runs/reproduced/faster_rcnn-detector512/checkpoints/last.pt
epoch=20 train_loss=0.778476 lr=0.001 selection=val_map_50_95:0.539508 best=false images=320/320 skipped=0 elapsed=287.82s val_loss=0.706168 val_map50=0.924666 val_map50_95=0.539508
epoch 21/500 training
epoch 21/500 validation
epoch 21/500 validation loss
checkpoint last saved: runs/reproduced/faster_rcnn-detector512/checkpoints/last.pt
epoch=21 train_loss=0.764291 lr=0.001 selection=val_map_50_95:0.548862 best=false images=320/320 skipped=0 elapsed=299.77s val_loss=0.705031 val_map50=0.934461 val_map50_95=0.548862
epoch 22/500 training
epoch 22/500 validation
epoch 22/500 validation loss
checkpoint last saved: runs/reproduced/faster_rcnn-detector512/checkpoints/last.pt
checkpoint best updated: epoch 22 metric=0.551352
epoch=22 train_loss=0.749925 lr=0.001 selection=val_map_50_95:0.551352 best=true images=320/320 skipped=0 elapsed=313.19s val_loss=0.696980 val_map50=0.933849 val_map50_95=0.551352
epoch 23/500 training
epoch 23/500 validation
epoch 23/500 validation loss
checkpoint last saved: runs/reproduced/faster_rcnn-detector512/checkpoints/last.pt
epoch=23 train_loss=0.758742 lr=0.001 selection=val_map_50_95:0.550387 best=false images=320/320 skipped=0 elapsed=325.91s val_loss=0.696349 val_map50=0.934095 val_map50_95=0.550387
epoch 24/500 training
epoch 24/500 validation
epoch 24/500 validation loss
checkpoint last saved: runs/reproduced/faster_rcnn-detector512/checkpoints/last.pt
checkpoint best updated: epoch 24 metric=0.562558
epoch=24 train_loss=0.751894 lr=0.001 selection=val_map_50_95:0.562558 best=true images=320/320 skipped=0 elapsed=338.81s val_loss=0.679004 val_map50=0.935262 val_map50_95=0.562558
epoch 25/500 training
epoch 25/500 validation
epoch 25/500 validation loss
checkpoint last saved: runs/reproduced/faster_rcnn-detector512/checkpoints/last.pt
epoch=25 train_loss=0.737963 lr=0.001 selection=val_map_50_95:0.551137 best=false images=320/320 skipped=0 elapsed=350.75s val_loss=0.696577 val_map50=0.925533 val_map50_95=0.551137
epoch 26/500 training
epoch 26/500 validation
epoch 26/500 validation loss
checkpoint last saved: runs/reproduced/faster_rcnn-detector512/checkpoints/last.pt
checkpoint best updated: epoch 26 metric=0.565025
epoch=26 train_loss=0.746655 lr=0.001 selection=val_map_50_95:0.565025 best=true images=320/320 skipped=0 elapsed=364.26s val_loss=0.674493 val_map50=0.934754 val_map50_95=0.565025
epoch 27/500 training
epoch 27/500 validation
epoch 27/500 validation loss
checkpoint last saved: runs/reproduced/faster_rcnn-detector512/checkpoints/last.pt
epoch=27 train_loss=0.737215 lr=0.001 selection=val_map_50_95:0.563116 best=false images=320/320 skipped=0 elapsed=376.01s val_loss=0.665911 val_map50=0.935906 val_map50_95=0.563116
epoch 28/500 training
epoch 28/500 validation
epoch 28/500 validation loss
checkpoint last saved: runs/reproduced/faster_rcnn-detector512/checkpoints/last.pt
epoch=28 train_loss=0.732987 lr=0.001 selection=val_map_50_95:0.557487 best=false images=320/320 skipped=0 elapsed=387.89s val_loss=0.679990 val_map50=0.933778 val_map50_95=0.557487
epoch 29/500 training
epoch 29/500 validation
epoch 29/500 validation loss
checkpoint last saved: runs/reproduced/faster_rcnn-detector512/checkpoints/last.pt
epoch=29 train_loss=0.724152 lr=0.001 selection=val_map_50_95:0.547778 best=false images=320/320 skipped=0 elapsed=399.78s val_loss=0.685957 val_map50=0.934195 val_map50_95=0.547778
epoch 30/500 training
epoch 30/500 validation
epoch 30/500 validation loss
checkpoint last saved: runs/reproduced/faster_rcnn-detector512/checkpoints/last.pt
epoch=30 train_loss=0.719517 lr=0.001 selection=val_map_50_95:0.555838 best=false images=320/320 skipped=0 elapsed=411.61s val_loss=0.677239 val_map50=0.943885 val_map50_95=0.555838
epoch 31/500 training
epoch 31/500 validation
epoch 31/500 validation loss
checkpoint last saved: runs/reproduced/faster_rcnn-detector512/checkpoints/last.pt
checkpoint best updated: epoch 31 metric=0.567406
epoch=31 train_loss=0.713788 lr=0.001 selection=val_map_50_95:0.567406 best=true images=320/320 skipped=0 elapsed=424.52s val_loss=0.655848 val_map50=0.944273 val_map50_95=0.567406
epoch 32/500 training
epoch 32/500 validation
epoch 32/500 validation loss
checkpoint last saved: runs/reproduced/faster_rcnn-detector512/checkpoints/last.pt
epoch=32 train_loss=0.729794 lr=0.001 selection=val_map_50_95:0.552364 best=false images=320/320 skipped=0 elapsed=436.26s val_loss=0.676309 val_map50=0.934822 val_map50_95=0.552364
epoch 33/500 training
epoch 33/500 validation
epoch 33/500 validation loss
checkpoint last saved: runs/reproduced/faster_rcnn-detector512/checkpoints/last.pt
checkpoint best updated: epoch 33 metric=0.570695
epoch=33 train_loss=0.716691 lr=0.001 selection=val_map_50_95:0.570695 best=true images=320/320 skipped=0 elapsed=449.49s val_loss=0.659202 val_map50=0.934762 val_map50_95=0.570695
epoch 34/500 training
epoch 34/500 validation
epoch 34/500 validation loss
checkpoint last saved: runs/reproduced/faster_rcnn-detector512/checkpoints/last.pt
epoch=34 train_loss=0.711079 lr=0.001 selection=val_map_50_95:0.549817 best=false images=320/320 skipped=0 elapsed=461.51s val_loss=0.671352 val_map50=0.934700 val_map50_95=0.549817
epoch 35/500 training
epoch 35/500 validation
epoch 35/500 validation loss
checkpoint last saved: runs/reproduced/faster_rcnn-detector512/checkpoints/last.pt
checkpoint best updated: epoch 35 metric=0.572686
epoch=35 train_loss=0.705296 lr=0.001 selection=val_map_50_95:0.572686 best=true images=320/320 skipped=0 elapsed=475.10s val_loss=0.643877 val_map50=0.934998 val_map50_95=0.572686
epoch 36/500 training
epoch 36/500 validation
epoch 36/500 validation loss
checkpoint last saved: runs/reproduced/faster_rcnn-detector512/checkpoints/last.pt
epoch=36 train_loss=0.684860 lr=0.001 selection=val_map_50_95:0.565053 best=false images=320/320 skipped=0 elapsed=486.99s val_loss=0.649349 val_map50=0.934928 val_map50_95=0.565053
epoch 37/500 training
epoch 37/500 validation
epoch 37/500 validation loss
checkpoint last saved: runs/reproduced/faster_rcnn-detector512/checkpoints/last.pt
checkpoint best updated: epoch 37 metric=0.575803
epoch=37 train_loss=0.702765 lr=0.001 selection=val_map_50_95:0.575803 best=true images=320/320 skipped=0 elapsed=501.19s val_loss=0.654704 val_map50=0.935873 val_map50_95=0.575803
epoch 38/500 training
epoch 38/500 validation
epoch 38/500 validation loss
checkpoint last saved: runs/reproduced/faster_rcnn-detector512/checkpoints/last.pt
checkpoint best updated: epoch 38 metric=0.576586
epoch=38 train_loss=0.704867 lr=0.001 selection=val_map_50_95:0.576586 best=true images=320/320 skipped=0 elapsed=514.25s val_loss=0.638807 val_map50=0.935232 val_map50_95=0.576586
epoch 39/500 training
epoch 39/500 validation
epoch 39/500 validation loss
checkpoint last saved: runs/reproduced/faster_rcnn-detector512/checkpoints/last.pt
checkpoint best updated: epoch 39 metric=0.576773
epoch=39 train_loss=0.701089 lr=0.001 selection=val_map_50_95:0.576773 best=true images=320/320 skipped=0 elapsed=527.09s val_loss=0.641117 val_map50=0.944315 val_map50_95=0.576773
epoch 40/500 training
epoch 40/500 validation
epoch 40/500 validation loss
checkpoint last saved: runs/reproduced/faster_rcnn-detector512/checkpoints/last.pt
checkpoint best updated: epoch 40 metric=0.577489
epoch=40 train_loss=0.698259 lr=0.001 selection=val_map_50_95:0.577489 best=true images=320/320 skipped=0 elapsed=540.06s val_loss=0.642679 val_map50=0.945179 val_map50_95=0.577489
epoch 41/500 training
epoch 41/500 validation
epoch 41/500 validation loss
checkpoint last saved: runs/reproduced/faster_rcnn-detector512/checkpoints/last.pt
epoch=41 train_loss=0.705116 lr=0.001 selection=val_map_50_95:0.574474 best=false images=320/320 skipped=0 elapsed=551.82s val_loss=0.634390 val_map50=0.935659 val_map50_95=0.574474
epoch 42/500 training
epoch 42/500 validation
epoch 42/500 validation loss
checkpoint last saved: runs/reproduced/faster_rcnn-detector512/checkpoints/last.pt
epoch=42 train_loss=0.694662 lr=0.001 selection=val_map_50_95:0.575971 best=false images=320/320 skipped=0 elapsed=565.71s val_loss=0.644424 val_map50=0.935830 val_map50_95=0.575971
epoch 43/500 training
epoch 43/500 validation
epoch 43/500 validation loss
checkpoint last saved: runs/reproduced/faster_rcnn-detector512/checkpoints/last.pt
epoch=43 train_loss=0.692152 lr=0.001 selection=val_map_50_95:0.538337 best=false images=320/320 skipped=0 elapsed=577.52s val_loss=0.667480 val_map50=0.944030 val_map50_95=0.538337
epoch 44/500 training
epoch 44/500 validation
epoch 44/500 validation loss
checkpoint last saved: runs/reproduced/faster_rcnn-detector512/checkpoints/last.pt
epoch=44 train_loss=0.699486 lr=0.001 selection=val_map_50_95:0.573930 best=false images=320/320 skipped=0 elapsed=589.47s val_loss=0.644727 val_map50=0.945010 val_map50_95=0.573930
epoch 45/500 training
epoch 45/500 validation
epoch 45/500 validation loss
checkpoint last saved: runs/reproduced/faster_rcnn-detector512/checkpoints/last.pt
epoch=45 train_loss=0.690809 lr=0.001 selection=val_map_50_95:0.564712 best=false images=320/320 skipped=0 elapsed=601.44s val_loss=0.649118 val_map50=0.935334 val_map50_95=0.564712
epoch 46/500 training
epoch 46/500 validation
epoch 46/500 validation loss
checkpoint last saved: runs/reproduced/faster_rcnn-detector512/checkpoints/last.pt
checkpoint best updated: epoch 46 metric=0.578041
epoch=46 train_loss=0.678321 lr=0.001 selection=val_map_50_95:0.578041 best=true images=320/320 skipped=0 elapsed=614.52s val_loss=0.633199 val_map50=0.944136 val_map50_95=0.578041
epoch 47/500 training
epoch 47/500 validation
epoch 47/500 validation loss
checkpoint last saved: runs/reproduced/faster_rcnn-detector512/checkpoints/last.pt
checkpoint best updated: epoch 47 metric=0.578146
epoch=47 train_loss=0.686899 lr=0.001 selection=val_map_50_95:0.578146 best=true images=320/320 skipped=0 elapsed=627.64s val_loss=0.620625 val_map50=0.935730 val_map50_95=0.578146
epoch 48/500 training
epoch 48/500 validation
epoch 48/500 validation loss
checkpoint last saved: runs/reproduced/faster_rcnn-detector512/checkpoints/last.pt
epoch=48 train_loss=0.702799 lr=0.001 selection=val_map_50_95:0.575481 best=false images=320/320 skipped=0 elapsed=639.81s val_loss=0.634526 val_map50=0.944699 val_map50_95=0.575481
epoch 49/500 training
epoch 49/500 validation
epoch 49/500 validation loss
checkpoint last saved: runs/reproduced/faster_rcnn-detector512/checkpoints/last.pt
epoch=49 train_loss=0.678069 lr=0.001 selection=val_map_50_95:0.532358 best=false images=320/320 skipped=0 elapsed=652.27s val_loss=0.676193 val_map50=0.944315 val_map50_95=0.532358
epoch 50/500 training
epoch 50/500 validation
epoch 50/500 validation loss
checkpoint last saved: runs/reproduced/faster_rcnn-detector512/checkpoints/last.pt
epoch=50 train_loss=0.686025 lr=0.001 selection=val_map_50_95:0.575236 best=false images=320/320 skipped=0 elapsed=664.40s val_loss=0.623366 val_map50=0.945034 val_map50_95=0.575236
epoch 51/500 training
epoch 51/500 validation
epoch 51/500 validation loss
checkpoint last saved: runs/reproduced/faster_rcnn-detector512/checkpoints/last.pt
epoch=51 train_loss=0.671546 lr=0.001 selection=val_map_50_95:0.564894 best=false images=320/320 skipped=0 elapsed=676.49s val_loss=0.636407 val_map50=0.944870 val_map50_95=0.564894
epoch 52/500 training
epoch 52/500 validation
epoch 52/500 validation loss
checkpoint last saved: runs/reproduced/faster_rcnn-detector512/checkpoints/last.pt
epoch=52 train_loss=0.670133 lr=0.001 selection=val_map_50_95:0.569947 best=false images=320/320 skipped=0 elapsed=688.48s val_loss=0.633839 val_map50=0.944884 val_map50_95=0.569947
epoch 53/500 training
epoch 53/500 validation
epoch 53/500 validation loss
checkpoint last saved: runs/reproduced/faster_rcnn-detector512/checkpoints/last.pt
checkpoint best updated: epoch 53 metric=0.583719
epoch=53 train_loss=0.666539 lr=0.001 selection=val_map_50_95:0.583719 best=true images=320/320 skipped=0 elapsed=701.75s val_loss=0.625790 val_map50=0.945290 val_map50_95=0.583719
epoch 54/500 training
epoch 54/500 validation
epoch 54/500 validation loss
checkpoint last saved: runs/reproduced/faster_rcnn-detector512/checkpoints/last.pt
checkpoint best updated: epoch 54 metric=0.586556
epoch=54 train_loss=0.649606 lr=0.001 selection=val_map_50_95:0.586556 best=true images=320/320 skipped=0 elapsed=714.69s val_loss=0.613880 val_map50=0.945342 val_map50_95=0.586556
epoch 55/500 training
epoch 55/500 validation
epoch 55/500 validation loss
checkpoint last saved: runs/reproduced/faster_rcnn-detector512/checkpoints/last.pt
checkpoint best updated: epoch 55 metric=0.589019
epoch=55 train_loss=0.679148 lr=0.001 selection=val_map_50_95:0.589019 best=true images=320/320 skipped=0 elapsed=727.96s val_loss=0.616639 val_map50=0.946270 val_map50_95=0.589019
epoch 56/500 training
epoch 56/500 validation
epoch 56/500 validation loss
checkpoint last saved: runs/reproduced/faster_rcnn-detector512/checkpoints/last.pt
epoch=56 train_loss=0.656952 lr=0.001 selection=val_map_50_95:0.566460 best=false images=320/320 skipped=0 elapsed=740.10s val_loss=0.640599 val_map50=0.945803 val_map50_95=0.566460
epoch 57/500 training
epoch 57/500 validation
epoch 57/500 validation loss
checkpoint last saved: runs/reproduced/faster_rcnn-detector512/checkpoints/last.pt
epoch=57 train_loss=0.670240 lr=0.001 selection=val_map_50_95:0.551408 best=false images=320/320 skipped=0 elapsed=752.14s val_loss=0.643824 val_map50=0.945420 val_map50_95=0.551408
epoch 58/500 training
epoch 58/500 validation
epoch 58/500 validation loss
checkpoint last saved: runs/reproduced/faster_rcnn-detector512/checkpoints/last.pt
epoch=58 train_loss=0.665244 lr=0.001 selection=val_map_50_95:0.586625 best=false images=320/320 skipped=0 elapsed=764.14s val_loss=0.606428 val_map50=0.945498 val_map50_95=0.586625
epoch 59/500 training
epoch 59/500 validation
epoch 59/500 validation loss
checkpoint last saved: runs/reproduced/faster_rcnn-detector512/checkpoints/last.pt
epoch=59 train_loss=0.671607 lr=0.001 selection=val_map_50_95:0.583537 best=false images=320/320 skipped=0 elapsed=777.07s val_loss=0.615785 val_map50=0.946086 val_map50_95=0.583537
epoch 60/500 training
epoch 60/500 validation
epoch 60/500 validation loss
checkpoint last saved: runs/reproduced/faster_rcnn-detector512/checkpoints/last.pt
epoch=60 train_loss=0.667369 lr=0.001 selection=val_map_50_95:0.574167 best=false images=320/320 skipped=0 elapsed=789.24s val_loss=0.621464 val_map50=0.954923 val_map50_95=0.574167
epoch 61/500 training
epoch 61/500 validation
epoch 61/500 validation loss
checkpoint last saved: runs/reproduced/faster_rcnn-detector512/checkpoints/last.pt
epoch=61 train_loss=0.654727 lr=0.001 selection=val_map_50_95:0.571375 best=false images=320/320 skipped=0 elapsed=805.17s val_loss=0.614606 val_map50=0.945216 val_map50_95=0.571375
epoch 62/500 training
epoch 62/500 validation
epoch 62/500 validation loss
checkpoint last saved: runs/reproduced/faster_rcnn-detector512/checkpoints/last.pt
checkpoint best updated: epoch 62 metric=0.592197
epoch=62 train_loss=0.674348 lr=0.001 selection=val_map_50_95:0.592197 best=true images=320/320 skipped=0 elapsed=824.38s val_loss=0.604691 val_map50=0.945931 val_map50_95=0.592197
epoch 63/500 training
epoch 63/500 validation
epoch 63/500 validation loss
checkpoint last saved: runs/reproduced/faster_rcnn-detector512/checkpoints/last.pt
epoch=63 train_loss=0.667391 lr=0.001 selection=val_map_50_95:0.590142 best=false images=320/320 skipped=0 elapsed=836.29s val_loss=0.611871 val_map50=0.946014 val_map50_95=0.590142
epoch 64/500 training
epoch 64/500 validation
epoch 64/500 validation loss
checkpoint last saved: runs/reproduced/faster_rcnn-detector512/checkpoints/last.pt
epoch=64 train_loss=0.660254 lr=0.001 selection=val_map_50_95:0.579377 best=false images=320/320 skipped=0 elapsed=848.34s val_loss=0.606377 val_map50=0.946115 val_map50_95=0.579377
epoch 65/500 training
epoch 65/500 validation
epoch 65/500 validation loss
checkpoint last saved: runs/reproduced/faster_rcnn-detector512/checkpoints/last.pt
epoch=65 train_loss=0.650217 lr=0.001 selection=val_map_50_95:0.591739 best=false images=320/320 skipped=0 elapsed=860.39s val_loss=0.596724 val_map50=0.946397 val_map50_95=0.591739
epoch 66/500 training
epoch 66/500 validation
epoch 66/500 validation loss
checkpoint last saved: runs/reproduced/faster_rcnn-detector512/checkpoints/last.pt
checkpoint best updated: epoch 66 metric=0.601046
epoch=66 train_loss=0.668130 lr=0.001 selection=val_map_50_95:0.601046 best=true images=320/320 skipped=0 elapsed=873.34s val_loss=0.594152 val_map50=0.946344 val_map50_95=0.601046
epoch 67/500 training
epoch 67/500 validation
epoch 67/500 validation loss
checkpoint last saved: runs/reproduced/faster_rcnn-detector512/checkpoints/last.pt
epoch=67 train_loss=0.641598 lr=0.001 selection=val_map_50_95:0.592099 best=false images=320/320 skipped=0 elapsed=885.22s val_loss=0.604019 val_map50=0.946596 val_map50_95=0.592099
epoch 68/500 training
epoch 68/500 validation
epoch 68/500 validation loss
checkpoint last saved: runs/reproduced/faster_rcnn-detector512/checkpoints/last.pt
epoch=68 train_loss=0.649479 lr=0.001 selection=val_map_50_95:0.577396 best=false images=320/320 skipped=0 elapsed=897.68s val_loss=0.607355 val_map50=0.945461 val_map50_95=0.577396
epoch 69/500 training
epoch 69/500 validation
epoch 69/500 validation loss
checkpoint last saved: runs/reproduced/faster_rcnn-detector512/checkpoints/last.pt
epoch=69 train_loss=0.647302 lr=0.001 selection=val_map_50_95:0.569415 best=false images=320/320 skipped=0 elapsed=909.45s val_loss=0.609892 val_map50=0.946043 val_map50_95=0.569415
epoch 70/500 training
epoch 70/500 validation
epoch 70/500 validation loss
checkpoint last saved: runs/reproduced/faster_rcnn-detector512/checkpoints/last.pt
epoch=70 train_loss=0.654425 lr=0.001 selection=val_map_50_95:0.582763 best=false images=320/320 skipped=0 elapsed=921.48s val_loss=0.605276 val_map50=0.955660 val_map50_95=0.582763
epoch 71/500 training
epoch 71/500 validation
epoch 71/500 validation loss
checkpoint last saved: runs/reproduced/faster_rcnn-detector512/checkpoints/last.pt
epoch=71 train_loss=0.645165 lr=0.001 selection=val_map_50_95:0.595703 best=false images=320/320 skipped=0 elapsed=933.56s val_loss=0.601225 val_map50=0.955429 val_map50_95=0.595703
epoch 72/500 training
epoch 72/500 validation
epoch 72/500 validation loss
checkpoint last saved: runs/reproduced/faster_rcnn-detector512/checkpoints/last.pt
epoch=72 train_loss=0.653207 lr=0.001 selection=val_map_50_95:0.587660 best=false images=320/320 skipped=0 elapsed=945.51s val_loss=0.603764 val_map50=0.946818 val_map50_95=0.587660
epoch 73/500 training
epoch 73/500 validation
epoch 73/500 validation loss
checkpoint last saved: runs/reproduced/faster_rcnn-detector512/checkpoints/last.pt
epoch=73 train_loss=0.648179 lr=0.001 selection=val_map_50_95:0.590972 best=false images=320/320 skipped=0 elapsed=957.43s val_loss=0.606347 val_map50=0.946744 val_map50_95=0.590972
epoch 74/500 training
epoch 74/500 validation
epoch 74/500 validation loss
checkpoint last saved: runs/reproduced/faster_rcnn-detector512/checkpoints/last.pt
epoch=74 train_loss=0.640517 lr=0.001 selection=val_map_50_95:0.591575 best=false images=320/320 skipped=0 elapsed=971.07s val_loss=0.603164 val_map50=0.955489 val_map50_95=0.591575
epoch 75/500 training
epoch 75/500 validation
epoch 75/500 validation loss
checkpoint last saved: runs/reproduced/faster_rcnn-detector512/checkpoints/last.pt
epoch=75 train_loss=0.644487 lr=0.001 selection=val_map_50_95:0.570628 best=false images=320/320 skipped=0 elapsed=983.05s val_loss=0.613546 val_map50=0.946037 val_map50_95=0.570628
epoch 76/500 training
epoch 76/500 validation
epoch 76/500 validation loss
checkpoint last saved: runs/reproduced/faster_rcnn-detector512/checkpoints/last.pt
epoch=76 train_loss=0.639894 lr=0.001 selection=val_map_50_95:0.581139 best=false images=320/320 skipped=0 elapsed=994.94s val_loss=0.622675 val_map50=0.946104 val_map50_95=0.581139
epoch 77/500 training
epoch 77/500 validation
epoch 77/500 validation loss
checkpoint last saved: runs/reproduced/faster_rcnn-detector512/checkpoints/last.pt
epoch=77 train_loss=0.651762 lr=0.001 selection=val_map_50_95:0.592809 best=false images=320/320 skipped=0 elapsed=1007.27s val_loss=0.587685 val_map50=0.955890 val_map50_95=0.592809
epoch 78/500 training
epoch 78/500 validation
epoch 78/500 validation loss
checkpoint last saved: runs/reproduced/faster_rcnn-detector512/checkpoints/last.pt
epoch=78 train_loss=0.641598 lr=0.001 selection=val_map_50_95:0.590313 best=false images=320/320 skipped=0 elapsed=1019.04s val_loss=0.600209 val_map50=0.955415 val_map50_95=0.590313
epoch 79/500 training
epoch 79/500 validation
epoch 79/500 validation loss
checkpoint last saved: runs/reproduced/faster_rcnn-detector512/checkpoints/last.pt
epoch=79 train_loss=0.628448 lr=0.001 selection=val_map_50_95:0.590665 best=false images=320/320 skipped=0 elapsed=1030.84s val_loss=0.592420 val_map50=0.946450 val_map50_95=0.590665
epoch 80/500 training
epoch 80/500 validation
epoch 80/500 validation loss
checkpoint last saved: runs/reproduced/faster_rcnn-detector512/checkpoints/last.pt
epoch=80 train_loss=0.649499 lr=0.001 selection=val_map_50_95:0.598425 best=false images=320/320 skipped=0 elapsed=1042.77s val_loss=0.591076 val_map50=0.955833 val_map50_95=0.598425
epoch 81/500 training
epoch 81/500 validation
epoch 81/500 validation loss
checkpoint last saved: runs/reproduced/faster_rcnn-detector512/checkpoints/last.pt
epoch=81 train_loss=0.642289 lr=0.001 selection=val_map_50_95:0.588749 best=false images=320/320 skipped=0 elapsed=1054.80s val_loss=0.586153 val_map50=0.947239 val_map50_95=0.588749
epoch 82/500 training
epoch 82/500 validation
epoch 82/500 validation loss
checkpoint last saved: runs/reproduced/faster_rcnn-detector512/checkpoints/last.pt
epoch=82 train_loss=0.639672 lr=0.001 selection=val_map_50_95:0.596333 best=false images=320/320 skipped=0 elapsed=1066.63s val_loss=0.588964 val_map50=0.946844 val_map50_95=0.596333
epoch 83/500 training
epoch 83/500 validation
epoch 83/500 validation loss
checkpoint last saved: runs/reproduced/faster_rcnn-detector512/checkpoints/last.pt
epoch=83 train_loss=0.652448 lr=0.001 selection=val_map_50_95:0.587557 best=false images=320/320 skipped=0 elapsed=1078.46s val_loss=0.596035 val_map50=0.955882 val_map50_95=0.587557
epoch 84/500 training
epoch 84/500 validation
epoch 84/500 validation loss
checkpoint last saved: runs/reproduced/faster_rcnn-detector512/checkpoints/last.pt
epoch=84 train_loss=0.685679 lr=0.001 selection=val_map_50_95:0.535839 best=false images=320/320 skipped=0 elapsed=1090.64s val_loss=0.655130 val_map50=0.945615 val_map50_95=0.535839
epoch 85/500 training
epoch 85/500 validation
epoch 85/500 validation loss
checkpoint last saved: runs/reproduced/faster_rcnn-detector512/checkpoints/last.pt
epoch=85 train_loss=0.655581 lr=0.001 selection=val_map_50_95:0.577310 best=false images=320/320 skipped=0 elapsed=1102.30s val_loss=0.596142 val_map50=0.946657 val_map50_95=0.577310
epoch 86/500 training
epoch 86/500 validation
epoch 86/500 validation loss
checkpoint last saved: runs/reproduced/faster_rcnn-detector512/checkpoints/last.pt
checkpoint best updated: epoch 86 metric=0.602285
epoch=86 train_loss=0.636023 lr=0.001 selection=val_map_50_95:0.602285 best=true images=320/320 skipped=0 elapsed=1115.41s val_loss=0.580867 val_map50=0.946680 val_map50_95=0.602285
epoch 87/500 training
epoch 87/500 validation
epoch 87/500 validation loss
checkpoint last saved: runs/reproduced/faster_rcnn-detector512/checkpoints/last.pt
epoch=87 train_loss=0.619865 lr=0.001 selection=val_map_50_95:0.600090 best=false images=320/320 skipped=0 elapsed=1126.91s val_loss=0.585930 val_map50=0.946874 val_map50_95=0.600090
epoch 88/500 training
epoch 88/500 validation
epoch 88/500 validation loss
checkpoint last saved: runs/reproduced/faster_rcnn-detector512/checkpoints/last.pt
epoch=88 train_loss=0.633858 lr=0.001 selection=val_map_50_95:0.565330 best=false images=320/320 skipped=0 elapsed=1138.98s val_loss=0.608902 val_map50=0.955756 val_map50_95=0.565330
epoch 89/500 training
epoch 89/500 validation
epoch 89/500 validation loss
checkpoint last saved: runs/reproduced/faster_rcnn-detector512/checkpoints/last.pt
epoch=89 train_loss=0.637065 lr=0.001 selection=val_map_50_95:0.590042 best=false images=320/320 skipped=0 elapsed=1151.68s val_loss=0.593003 val_map50=0.955796 val_map50_95=0.590042
epoch 90/500 training
epoch 90/500 validation
epoch 90/500 validation loss
checkpoint last saved: runs/reproduced/faster_rcnn-detector512/checkpoints/last.pt
epoch=90 train_loss=0.632787 lr=0.001 selection=val_map_50_95:0.579493 best=false images=320/320 skipped=0 elapsed=1164.44s val_loss=0.594715 val_map50=0.956044 val_map50_95=0.579493
epoch 91/500 training
epoch 91/500 validation
epoch 91/500 validation loss
checkpoint last saved: runs/reproduced/faster_rcnn-detector512/checkpoints/last.pt
epoch=91 train_loss=0.626061 lr=0.001 selection=val_map_50_95:0.598535 best=false images=320/320 skipped=0 elapsed=1184.40s val_loss=0.584322 val_map50=0.956421 val_map50_95=0.598535
epoch 92/500 training
epoch 92/500 validation
epoch 92/500 validation loss
checkpoint last saved: runs/reproduced/faster_rcnn-detector512/checkpoints/last.pt
epoch=92 train_loss=0.624879 lr=0.001 selection=val_map_50_95:0.585674 best=false images=320/320 skipped=0 elapsed=1197.67s val_loss=0.588983 val_map50=0.946052 val_map50_95=0.585674
epoch 93/500 training
epoch 93/500 validation
epoch 93/500 validation loss
checkpoint last saved: runs/reproduced/faster_rcnn-detector512/checkpoints/last.pt
checkpoint best updated: epoch 93 metric=0.602303
epoch=93 train_loss=0.620223 lr=0.001 selection=val_map_50_95:0.602303 best=true images=320/320 skipped=0 elapsed=1210.91s val_loss=0.592245 val_map50=0.956263 val_map50_95=0.602303
epoch 94/500 training
epoch 94/500 validation
epoch 94/500 validation loss
checkpoint last saved: runs/reproduced/faster_rcnn-detector512/checkpoints/last.pt
epoch=94 train_loss=0.633130 lr=0.001 selection=val_map_50_95:0.578094 best=false images=320/320 skipped=0 elapsed=1222.88s val_loss=0.602671 val_map50=0.946766 val_map50_95=0.578094
epoch 95/500 training
epoch 95/500 validation
epoch 95/500 validation loss
checkpoint last saved: runs/reproduced/faster_rcnn-detector512/checkpoints/last.pt
checkpoint best updated: epoch 95 metric=0.602693
epoch=95 train_loss=0.637985 lr=0.001 selection=val_map_50_95:0.602693 best=true images=320/320 skipped=0 elapsed=1235.94s val_loss=0.570649 val_map50=0.956441 val_map50_95=0.602693
epoch 96/500 training
epoch 96/500 validation
epoch 96/500 validation loss
checkpoint last saved: runs/reproduced/faster_rcnn-detector512/checkpoints/last.pt
epoch=96 train_loss=0.625704 lr=0.001 selection=val_map_50_95:0.519574 best=false images=320/320 skipped=0 elapsed=1247.88s val_loss=0.659877 val_map50=0.955459 val_map50_95=0.519574
epoch 97/500 training
epoch 97/500 validation
epoch 97/500 validation loss
checkpoint last saved: runs/reproduced/faster_rcnn-detector512/checkpoints/last.pt
epoch=97 train_loss=0.632861 lr=0.001 selection=val_map_50_95:0.600010 best=false images=320/320 skipped=0 elapsed=1260.08s val_loss=0.574895 val_map50=0.947200 val_map50_95=0.600010
epoch 98/500 training
epoch 98/500 validation
epoch 98/500 validation loss
checkpoint last saved: runs/reproduced/faster_rcnn-detector512/checkpoints/last.pt
epoch=98 train_loss=0.612897 lr=0.001 selection=val_map_50_95:0.600816 best=false images=320/320 skipped=0 elapsed=1271.94s val_loss=0.575785 val_map50=0.947091 val_map50_95=0.600816
epoch 99/500 training
epoch 99/500 validation
epoch 99/500 validation loss
checkpoint last saved: runs/reproduced/faster_rcnn-detector512/checkpoints/last.pt
epoch=99 train_loss=0.622494 lr=0.001 selection=val_map_50_95:0.588039 best=false images=320/320 skipped=0 elapsed=1283.91s val_loss=0.597760 val_map50=0.956113 val_map50_95=0.588039
epoch 100/500 training
epoch 100/500 validation
epoch 100/500 validation loss
checkpoint last saved: runs/reproduced/faster_rcnn-detector512/checkpoints/last.pt
checkpoint best updated: epoch 100 metric=0.604209
epoch=100 train_loss=0.642495 lr=0.001 selection=val_map_50_95:0.604209 best=true images=320/320 skipped=0 elapsed=1296.95s val_loss=0.584897 val_map50=0.956529 val_map50_95=0.604209
epoch 101/500 training
epoch 101/500 validation
epoch 101/500 validation loss
checkpoint last saved: runs/reproduced/faster_rcnn-detector512/checkpoints/last.pt
epoch=101 train_loss=0.633689 lr=0.001 selection=val_map_50_95:0.585747 best=false images=320/320 skipped=0 elapsed=1309.02s val_loss=0.596360 val_map50=0.956286 val_map50_95=0.585747
epoch 102/500 training
epoch 102/500 validation
epoch 102/500 validation loss
checkpoint last saved: runs/reproduced/faster_rcnn-detector512/checkpoints/last.pt
epoch=102 train_loss=0.607629 lr=0.001 selection=val_map_50_95:0.594698 best=false images=320/320 skipped=0 elapsed=1320.83s val_loss=0.572908 val_map50=0.946809 val_map50_95=0.594698
epoch 103/500 training
epoch 103/500 validation
epoch 103/500 validation loss
checkpoint last saved: runs/reproduced/faster_rcnn-detector512/checkpoints/last.pt
epoch=103 train_loss=0.607188 lr=0.001 selection=val_map_50_95:0.591656 best=false images=320/320 skipped=0 elapsed=1332.75s val_loss=0.572415 val_map50=0.946597 val_map50_95=0.591656
epoch 104/500 training
epoch 104/500 validation
epoch 104/500 validation loss
checkpoint last saved: runs/reproduced/faster_rcnn-detector512/checkpoints/last.pt
epoch=104 train_loss=0.626701 lr=0.001 selection=val_map_50_95:0.584384 best=false images=320/320 skipped=0 elapsed=1347.50s val_loss=0.587082 val_map50=0.946976 val_map50_95=0.584384
epoch 105/500 training
epoch 105/500 validation
epoch 105/500 validation loss
checkpoint last saved: runs/reproduced/faster_rcnn-detector512/checkpoints/last.pt
epoch=105 train_loss=0.634026 lr=0.001 selection=val_map_50_95:0.578281 best=false images=320/320 skipped=0 elapsed=1359.68s val_loss=0.589979 val_map50=0.946401 val_map50_95=0.578281
epoch 106/500 training
epoch 106/500 validation
epoch 106/500 validation loss
checkpoint last saved: runs/reproduced/faster_rcnn-detector512/checkpoints/last.pt
epoch=106 train_loss=0.617303 lr=0.001 selection=val_map_50_95:0.573471 best=false images=320/320 skipped=0 elapsed=1371.67s val_loss=0.602753 val_map50=0.946630 val_map50_95=0.573471
epoch 107/500 training
epoch 107/500 validation
epoch 107/500 validation loss
checkpoint last saved: runs/reproduced/faster_rcnn-detector512/checkpoints/last.pt
checkpoint best updated: epoch 107 metric=0.612374
epoch=107 train_loss=0.616345 lr=0.001 selection=val_map_50_95:0.612374 best=true images=320/320 skipped=0 elapsed=1385.00s val_loss=0.557114 val_map50=0.956516 val_map50_95=0.612374
epoch 108/500 training
epoch 108/500 validation
epoch 108/500 validation loss
checkpoint last saved: runs/reproduced/faster_rcnn-detector512/checkpoints/last.pt
epoch=108 train_loss=0.613844 lr=0.001 selection=val_map_50_95:0.601902 best=false images=320/320 skipped=0 elapsed=1397.12s val_loss=0.562745 val_map50=0.956864 val_map50_95=0.601902
epoch 109/500 training
epoch 109/500 validation
epoch 109/500 validation loss
checkpoint last saved: runs/reproduced/faster_rcnn-detector512/checkpoints/last.pt
epoch=109 train_loss=0.611357 lr=0.001 selection=val_map_50_95:0.594209 best=false images=320/320 skipped=0 elapsed=1409.09s val_loss=0.586198 val_map50=0.956950 val_map50_95=0.594209
epoch 110/500 training
epoch 110/500 validation
epoch 110/500 validation loss
checkpoint last saved: runs/reproduced/faster_rcnn-detector512/checkpoints/last.pt
epoch=110 train_loss=0.614812 lr=0.001 selection=val_map_50_95:0.593542 best=false images=320/320 skipped=0 elapsed=1421.52s val_loss=0.579154 val_map50=0.947342 val_map50_95=0.593542
epoch 111/500 training
epoch 111/500 validation
epoch 111/500 validation loss
checkpoint last saved: runs/reproduced/faster_rcnn-detector512/checkpoints/last.pt
epoch=111 train_loss=0.609933 lr=0.001 selection=val_map_50_95:0.604093 best=false images=320/320 skipped=0 elapsed=1433.30s val_loss=0.574704 val_map50=0.947085 val_map50_95=0.604093
epoch 112/500 training
epoch 112/500 validation
epoch 112/500 validation loss
checkpoint last saved: runs/reproduced/faster_rcnn-detector512/checkpoints/last.pt
epoch=112 train_loss=0.639021 lr=0.001 selection=val_map_50_95:0.606940 best=false images=320/320 skipped=0 elapsed=1445.26s val_loss=0.572212 val_map50=0.947088 val_map50_95=0.606940
epoch 113/500 training
epoch 113/500 validation
epoch 113/500 validation loss
checkpoint last saved: runs/reproduced/faster_rcnn-detector512/checkpoints/last.pt
epoch=113 train_loss=0.601104 lr=0.001 selection=val_map_50_95:0.571953 best=false images=320/320 skipped=0 elapsed=1457.17s val_loss=0.598595 val_map50=0.955890 val_map50_95=0.571953
epoch 114/500 training
epoch 114/500 validation
epoch 114/500 validation loss
checkpoint last saved: runs/reproduced/faster_rcnn-detector512/checkpoints/last.pt
epoch=114 train_loss=0.598682 lr=0.001 selection=val_map_50_95:0.608877 best=false images=320/320 skipped=0 elapsed=1469.08s val_loss=0.564200 val_map50=0.956609 val_map50_95=0.608877
epoch 115/500 training
epoch 115/500 validation
epoch 115/500 validation loss
checkpoint last saved: runs/reproduced/faster_rcnn-detector512/checkpoints/last.pt
epoch=115 train_loss=0.606913 lr=0.001 selection=val_map_50_95:0.572271 best=false images=320/320 skipped=0 elapsed=1480.98s val_loss=0.597209 val_map50=0.956220 val_map50_95=0.572271
epoch 116/500 training
epoch 116/500 validation
epoch 116/500 validation loss
checkpoint last saved: runs/reproduced/faster_rcnn-detector512/checkpoints/last.pt
epoch=116 train_loss=0.621614 lr=0.001 selection=val_map_50_95:0.606918 best=false images=320/320 skipped=0 elapsed=1492.96s val_loss=0.570670 val_map50=0.956332 val_map50_95=0.606918
epoch 117/500 training
epoch 117/500 validation
epoch 117/500 validation loss
checkpoint last saved: runs/reproduced/faster_rcnn-detector512/checkpoints/last.pt
epoch=117 train_loss=0.607441 lr=0.001 selection=val_map_50_95:0.604104 best=false images=320/320 skipped=0 elapsed=1505.39s val_loss=0.566118 val_map50=0.957048 val_map50_95=0.604104
epoch 118/500 training
epoch 118/500 validation
epoch 118/500 validation loss
checkpoint last saved: runs/reproduced/faster_rcnn-detector512/checkpoints/last.pt
epoch=118 train_loss=0.601472 lr=0.001 selection=val_map_50_95:0.589353 best=false images=320/320 skipped=0 elapsed=1517.58s val_loss=0.583548 val_map50=0.956816 val_map50_95=0.589353
epoch 119/500 training
epoch 119/500 validation
epoch 119/500 validation loss
checkpoint last saved: runs/reproduced/faster_rcnn-detector512/checkpoints/last.pt
epoch=119 train_loss=0.610270 lr=0.001 selection=val_map_50_95:0.599128 best=false images=320/320 skipped=0 elapsed=1529.57s val_loss=0.571876 val_map50=0.947223 val_map50_95=0.599128
epoch 120/500 training
epoch 120/500 validation
epoch 120/500 validation loss
checkpoint last saved: runs/reproduced/faster_rcnn-detector512/checkpoints/last.pt
epoch=120 train_loss=0.608573 lr=0.001 selection=val_map_50_95:0.597201 best=false images=320/320 skipped=0 elapsed=1541.53s val_loss=0.569891 val_map50=0.947271 val_map50_95=0.597201
epoch 121/500 training
epoch 121/500 validation
epoch 121/500 validation loss
checkpoint last saved: runs/reproduced/faster_rcnn-detector512/checkpoints/last.pt
checkpoint best updated: epoch 121 metric=0.613486
epoch=121 train_loss=0.635849 lr=0.001 selection=val_map_50_95:0.613486 best=true images=320/320 skipped=0 elapsed=1556.73s val_loss=0.564136 val_map50=0.956608 val_map50_95=0.613486
epoch 122/500 training
epoch 122/500 validation
epoch 122/500 validation loss
checkpoint last saved: runs/reproduced/faster_rcnn-detector512/checkpoints/last.pt
epoch=122 train_loss=0.585950 lr=0.001 selection=val_map_50_95:0.571927 best=false images=320/320 skipped=0 elapsed=1568.75s val_loss=0.599609 val_map50=0.956045 val_map50_95=0.571927
epoch 123/500 training
epoch 123/500 validation
epoch 123/500 validation loss
checkpoint last saved: runs/reproduced/faster_rcnn-detector512/checkpoints/last.pt
epoch=123 train_loss=0.605741 lr=0.001 selection=val_map_50_95:0.601702 best=false images=320/320 skipped=0 elapsed=1581.02s val_loss=0.566086 val_map50=0.947229 val_map50_95=0.601702
epoch 124/500 training
epoch 124/500 validation
epoch 124/500 validation loss
checkpoint last saved: runs/reproduced/faster_rcnn-detector512/checkpoints/last.pt
epoch=124 train_loss=0.616228 lr=0.001 selection=val_map_50_95:0.577792 best=false images=320/320 skipped=0 elapsed=1593.12s val_loss=0.593359 val_map50=0.956304 val_map50_95=0.577792
epoch 125/500 training
epoch 125/500 validation
epoch 125/500 validation loss
checkpoint last saved: runs/reproduced/faster_rcnn-detector512/checkpoints/last.pt
epoch=125 train_loss=0.605475 lr=0.001 selection=val_map_50_95:0.609439 best=false images=320/320 skipped=0 elapsed=1605.17s val_loss=0.557826 val_map50=0.956716 val_map50_95=0.609439
epoch 126/500 training
epoch 126/500 validation
epoch 126/500 validation loss
checkpoint last saved: runs/reproduced/faster_rcnn-detector512/checkpoints/last.pt
epoch=126 train_loss=0.609913 lr=0.001 selection=val_map_50_95:0.605830 best=false images=320/320 skipped=0 elapsed=1617.15s val_loss=0.572537 val_map50=0.956589 val_map50_95=0.605830
epoch 127/500 training
epoch 127/500 validation
epoch 127/500 validation loss
checkpoint last saved: runs/reproduced/faster_rcnn-detector512/checkpoints/last.pt
epoch=127 train_loss=0.597293 lr=0.001 selection=val_map_50_95:0.607155 best=false images=320/320 skipped=0 elapsed=1629.27s val_loss=0.571864 val_map50=0.956689 val_map50_95=0.607155
epoch 128/500 training
epoch 128/500 validation
epoch 128/500 validation loss
checkpoint last saved: runs/reproduced/faster_rcnn-detector512/checkpoints/last.pt
epoch=128 train_loss=0.599959 lr=0.001 selection=val_map_50_95:0.590877 best=false images=320/320 skipped=0 elapsed=1641.35s val_loss=0.583218 val_map50=0.956522 val_map50_95=0.590877
epoch 129/500 training
epoch 129/500 validation
epoch 129/500 validation loss
checkpoint last saved: runs/reproduced/faster_rcnn-detector512/checkpoints/last.pt
epoch=129 train_loss=0.589248 lr=0.001 selection=val_map_50_95:0.610669 best=false images=320/320 skipped=0 elapsed=1654.56s val_loss=0.558391 val_map50=0.956560 val_map50_95=0.610669
epoch 130/500 training
epoch 130/500 validation
epoch 130/500 validation loss
checkpoint last saved: runs/reproduced/faster_rcnn-detector512/checkpoints/last.pt
epoch=130 train_loss=0.596906 lr=0.001 selection=val_map_50_95:0.606982 best=false images=320/320 skipped=0 elapsed=1666.70s val_loss=0.563363 val_map50=0.956840 val_map50_95=0.606982
epoch 131/500 training
epoch 131/500 validation
epoch 131/500 validation loss
checkpoint last saved: runs/reproduced/faster_rcnn-detector512/checkpoints/last.pt
epoch=131 train_loss=0.596165 lr=0.001 selection=val_map_50_95:0.582963 best=false images=320/320 skipped=0 elapsed=1678.79s val_loss=0.580882 val_map50=0.955934 val_map50_95=0.582963
epoch 132/500 training
epoch 132/500 validation
epoch 132/500 validation loss
checkpoint last saved: runs/reproduced/faster_rcnn-detector512/checkpoints/last.pt
epoch=132 train_loss=0.606070 lr=0.001 selection=val_map_50_95:0.605392 best=false images=320/320 skipped=0 elapsed=1691.10s val_loss=0.560019 val_map50=0.956263 val_map50_95=0.605392
epoch 133/500 training
epoch 133/500 validation
epoch 133/500 validation loss
checkpoint last saved: runs/reproduced/faster_rcnn-detector512/checkpoints/last.pt
epoch=133 train_loss=0.591627 lr=0.001 selection=val_map_50_95:0.604759 best=false images=320/320 skipped=0 elapsed=1703.13s val_loss=0.556870 val_map50=0.956468 val_map50_95=0.604759
epoch 134/500 training
epoch 134/500 validation
epoch 134/500 validation loss
checkpoint last saved: runs/reproduced/faster_rcnn-detector512/checkpoints/last.pt
epoch=134 train_loss=0.584522 lr=0.001 selection=val_map_50_95:0.601619 best=false images=320/320 skipped=0 elapsed=1715.32s val_loss=0.555659 val_map50=0.956539 val_map50_95=0.601619
epoch 135/500 training
epoch 135/500 validation
epoch 135/500 validation loss
checkpoint last saved: runs/reproduced/faster_rcnn-detector512/checkpoints/last.pt
epoch=135 train_loss=0.593381 lr=0.001 selection=val_map_50_95:0.601551 best=false images=320/320 skipped=0 elapsed=1727.14s val_loss=0.568252 val_map50=0.956749 val_map50_95=0.601551
epoch 136/500 training
epoch 136/500 validation
epoch 136/500 validation loss
checkpoint last saved: runs/reproduced/faster_rcnn-detector512/checkpoints/last.pt
epoch=136 train_loss=0.590170 lr=0.001 selection=val_map_50_95:0.603849 best=false images=320/320 skipped=0 elapsed=1739.24s val_loss=0.561648 val_map50=0.956855 val_map50_95=0.603849
epoch 137/500 training
epoch 137/500 validation
epoch 137/500 validation loss
checkpoint last saved: runs/reproduced/faster_rcnn-detector512/checkpoints/last.pt
epoch=137 train_loss=0.593869 lr=0.001 selection=val_map_50_95:0.608234 best=false images=320/320 skipped=0 elapsed=1751.23s val_loss=0.557506 val_map50=0.956711 val_map50_95=0.608234
epoch 138/500 training
epoch 138/500 validation
epoch 138/500 validation loss
checkpoint last saved: runs/reproduced/faster_rcnn-detector512/checkpoints/last.pt
epoch=138 train_loss=0.591733 lr=0.001 selection=val_map_50_95:0.608787 best=false images=320/320 skipped=0 elapsed=1763.20s val_loss=0.558018 val_map50=0.956840 val_map50_95=0.608787
epoch 139/500 training
epoch 139/500 validation
epoch 139/500 validation loss
checkpoint last saved: runs/reproduced/faster_rcnn-detector512/checkpoints/last.pt
epoch=139 train_loss=0.611109 lr=0.001 selection=val_map_50_95:0.577710 best=false images=320/320 skipped=0 elapsed=1775.07s val_loss=0.584340 val_map50=0.956623 val_map50_95=0.577710
epoch 140/500 training
epoch 140/500 validation
epoch 140/500 validation loss
checkpoint last saved: runs/reproduced/faster_rcnn-detector512/checkpoints/last.pt
epoch=140 train_loss=0.601160 lr=0.001 selection=val_map_50_95:0.610708 best=false images=320/320 skipped=0 elapsed=1787.03s val_loss=0.561153 val_map50=0.956425 val_map50_95=0.610708
epoch 141/500 training
epoch 141/500 validation
epoch 141/500 validation loss
checkpoint last saved: runs/reproduced/faster_rcnn-detector512/checkpoints/last.pt
epoch=141 train_loss=0.600496 lr=0.001 selection=val_map_50_95:0.606776 best=false images=320/320 skipped=0 elapsed=1799.11s val_loss=0.564848 val_map50=0.956654 val_map50_95=0.606776
epoch 142/500 training
epoch 142/500 validation
epoch 142/500 validation loss
checkpoint last saved: runs/reproduced/faster_rcnn-detector512/checkpoints/last.pt
epoch=142 train_loss=0.588527 lr=0.001 selection=val_map_50_95:0.594183 best=false images=320/320 skipped=0 elapsed=1811.17s val_loss=0.573632 val_map50=0.956824 val_map50_95=0.594183
epoch 143/500 training
epoch 143/500 validation
epoch 143/500 validation loss
checkpoint last saved: runs/reproduced/faster_rcnn-detector512/checkpoints/last.pt
epoch=143 train_loss=0.608414 lr=0.001 selection=val_map_50_95:0.589665 best=false images=320/320 skipped=0 elapsed=1823.45s val_loss=0.580037 val_map50=0.956707 val_map50_95=0.589665
epoch 144/500 training
epoch 144/500 validation
epoch 144/500 validation loss
checkpoint last saved: runs/reproduced/faster_rcnn-detector512/checkpoints/last.pt
epoch=144 train_loss=0.601682 lr=0.001 selection=val_map_50_95:0.587919 best=false images=320/320 skipped=0 elapsed=1835.49s val_loss=0.562538 val_map50=0.956438 val_map50_95=0.587919
epoch 145/500 training
epoch 145/500 validation
epoch 145/500 validation loss
checkpoint last saved: runs/reproduced/faster_rcnn-detector512/checkpoints/last.pt
checkpoint best updated: epoch 145 metric=0.617831
epoch=145 train_loss=0.602697 lr=0.001 selection=val_map_50_95:0.617831 best=true images=320/320 skipped=0 elapsed=1848.72s val_loss=0.550614 val_map50=0.956599 val_map50_95=0.617831
epoch 146/500 training
epoch 146/500 validation
epoch 146/500 validation loss
checkpoint last saved: runs/reproduced/faster_rcnn-detector512/checkpoints/last.pt
epoch=146 train_loss=0.580631 lr=0.001 selection=val_map_50_95:0.593309 best=false images=320/320 skipped=0 elapsed=1863.16s val_loss=0.569222 val_map50=0.956414 val_map50_95=0.593309
epoch 147/500 training
epoch 147/500 validation
epoch 147/500 validation loss
checkpoint last saved: runs/reproduced/faster_rcnn-detector512/checkpoints/last.pt
epoch=147 train_loss=0.590306 lr=0.001 selection=val_map_50_95:0.616224 best=false images=320/320 skipped=0 elapsed=1878.29s val_loss=0.543898 val_map50=0.956937 val_map50_95=0.616224
epoch 148/500 training
epoch 148/500 validation
epoch 148/500 validation loss
checkpoint last saved: runs/reproduced/faster_rcnn-detector512/checkpoints/last.pt
epoch=148 train_loss=0.577444 lr=0.001 selection=val_map_50_95:0.614572 best=false images=320/320 skipped=0 elapsed=1890.99s val_loss=0.556284 val_map50=0.956911 val_map50_95=0.614572
epoch 149/500 training
epoch 149/500 validation
epoch 149/500 validation loss
checkpoint last saved: runs/reproduced/faster_rcnn-detector512/checkpoints/last.pt
epoch=149 train_loss=0.599863 lr=0.001 selection=val_map_50_95:0.605905 best=false images=320/320 skipped=0 elapsed=1903.10s val_loss=0.564386 val_map50=0.956884 val_map50_95=0.605905
epoch 150/500 training
epoch 150/500 validation
epoch 150/500 validation loss
checkpoint last saved: runs/reproduced/faster_rcnn-detector512/checkpoints/last.pt
epoch=150 train_loss=0.568535 lr=0.001 selection=val_map_50_95:0.601631 best=false images=320/320 skipped=0 elapsed=1921.64s val_loss=0.558031 val_map50=0.956131 val_map50_95=0.601631
epoch 151/500 training
epoch 151/500 validation
epoch 151/500 validation loss
checkpoint last saved: runs/reproduced/faster_rcnn-detector512/checkpoints/last.pt
epoch=151 train_loss=0.578869 lr=0.001 selection=val_map_50_95:0.609155 best=false images=320/320 skipped=0 elapsed=1933.72s val_loss=0.553117 val_map50=0.957052 val_map50_95=0.609155
epoch 152/500 training
epoch 152/500 validation
epoch 152/500 validation loss
checkpoint last saved: runs/reproduced/faster_rcnn-detector512/checkpoints/last.pt
epoch=152 train_loss=0.580596 lr=0.001 selection=val_map_50_95:0.605561 best=false images=320/320 skipped=0 elapsed=1945.77s val_loss=0.552098 val_map50=0.956832 val_map50_95=0.605561
epoch 153/500 training
epoch 153/500 validation
epoch 153/500 validation loss
checkpoint last saved: runs/reproduced/faster_rcnn-detector512/checkpoints/last.pt
epoch=153 train_loss=0.578111 lr=0.001 selection=val_map_50_95:0.603414 best=false images=320/320 skipped=0 elapsed=1957.63s val_loss=0.555606 val_map50=0.956816 val_map50_95=0.603414
epoch 154/500 training
epoch 154/500 validation
epoch 154/500 validation loss
checkpoint last saved: runs/reproduced/faster_rcnn-detector512/checkpoints/last.pt
epoch=154 train_loss=0.581076 lr=0.001 selection=val_map_50_95:0.595050 best=false images=320/320 skipped=0 elapsed=1969.61s val_loss=0.555835 val_map50=0.956360 val_map50_95=0.595050
epoch 155/500 training
epoch 155/500 validation
epoch 155/500 validation loss
checkpoint last saved: runs/reproduced/faster_rcnn-detector512/checkpoints/last.pt
epoch=155 train_loss=0.566652 lr=0.001 selection=val_map_50_95:0.598453 best=false images=320/320 skipped=0 elapsed=1981.83s val_loss=0.561201 val_map50=0.956310 val_map50_95=0.598453
epoch 156/500 training
epoch 156/500 validation
epoch 156/500 validation loss
checkpoint last saved: runs/reproduced/faster_rcnn-detector512/checkpoints/last.pt
epoch=156 train_loss=0.602530 lr=0.001 selection=val_map_50_95:0.611989 best=false images=320/320 skipped=0 elapsed=1993.90s val_loss=0.558496 val_map50=0.957243 val_map50_95=0.611989
epoch 157/500 training
epoch 157/500 validation
epoch 157/500 validation loss
checkpoint last saved: runs/reproduced/faster_rcnn-detector512/checkpoints/last.pt
epoch=157 train_loss=0.588648 lr=0.001 selection=val_map_50_95:0.608530 best=false images=320/320 skipped=0 elapsed=2005.91s val_loss=0.557394 val_map50=0.957067 val_map50_95=0.608530
epoch 158/500 training
epoch 158/500 validation
epoch 158/500 validation loss
checkpoint last saved: runs/reproduced/faster_rcnn-detector512/checkpoints/last.pt
epoch=158 train_loss=0.574687 lr=0.001 selection=val_map_50_95:0.617343 best=false images=320/320 skipped=0 elapsed=2018.22s val_loss=0.546878 val_map50=0.956687 val_map50_95=0.617343
epoch 159/500 training
epoch 159/500 validation
epoch 159/500 validation loss
checkpoint last saved: runs/reproduced/faster_rcnn-detector512/checkpoints/last.pt
epoch=159 train_loss=0.590891 lr=0.001 selection=val_map_50_95:0.602660 best=false images=320/320 skipped=0 elapsed=2030.38s val_loss=0.567624 val_map50=0.956928 val_map50_95=0.602660
epoch 160/500 training
epoch 160/500 validation
epoch 160/500 validation loss
checkpoint last saved: runs/reproduced/faster_rcnn-detector512/checkpoints/last.pt
epoch=160 train_loss=0.591399 lr=0.001 selection=val_map_50_95:0.597800 best=false images=320/320 skipped=0 elapsed=2042.63s val_loss=0.559175 val_map50=0.956440 val_map50_95=0.597800
epoch 161/500 training
epoch 161/500 validation
epoch 161/500 validation loss
checkpoint last saved: runs/reproduced/faster_rcnn-detector512/checkpoints/last.pt
epoch=161 train_loss=0.582878 lr=0.001 selection=val_map_50_95:0.610047 best=false images=320/320 skipped=0 elapsed=2055.22s val_loss=0.546616 val_map50=0.956423 val_map50_95=0.610047
epoch 162/500 training
epoch 162/500 validation
epoch 162/500 validation loss
checkpoint last saved: runs/reproduced/faster_rcnn-detector512/checkpoints/last.pt
epoch=162 train_loss=0.595945 lr=0.001 selection=val_map_50_95:0.593902 best=false images=320/320 skipped=0 elapsed=2067.33s val_loss=0.568274 val_map50=0.956284 val_map50_95=0.593902
epoch 163/500 training
epoch 163/500 validation
epoch 163/500 validation loss
checkpoint last saved: runs/reproduced/faster_rcnn-detector512/checkpoints/last.pt
epoch=163 train_loss=0.584498 lr=0.001 selection=val_map_50_95:0.610421 best=false images=320/320 skipped=0 elapsed=2079.58s val_loss=0.559517 val_map50=0.956542 val_map50_95=0.610421
epoch 164/500 training
epoch 164/500 validation
epoch 164/500 validation loss
checkpoint last saved: runs/reproduced/faster_rcnn-detector512/checkpoints/last.pt
epoch=164 train_loss=0.580040 lr=0.001 selection=val_map_50_95:0.613392 best=false images=320/320 skipped=0 elapsed=2091.84s val_loss=0.560473 val_map50=0.956723 val_map50_95=0.613392
epoch 165/500 training
epoch 165/500 validation
epoch 165/500 validation loss
checkpoint last saved: runs/reproduced/faster_rcnn-detector512/checkpoints/last.pt
epoch=165 train_loss=0.583727 lr=0.001 selection=val_map_50_95:0.577359 best=false images=320/320 skipped=0 elapsed=2104.01s val_loss=0.588114 val_map50=0.956397 val_map50_95=0.577359
epoch 166/500 training
epoch 166/500 validation
epoch 166/500 validation loss
checkpoint last saved: runs/reproduced/faster_rcnn-detector512/checkpoints/last.pt
epoch=166 train_loss=0.584360 lr=0.001 selection=val_map_50_95:0.592901 best=false images=320/320 skipped=0 elapsed=2116.09s val_loss=0.566133 val_map50=0.956406 val_map50_95=0.592901
epoch 167/500 training
epoch 167/500 validation
epoch 167/500 validation loss
checkpoint last saved: runs/reproduced/faster_rcnn-detector512/checkpoints/last.pt
checkpoint best updated: epoch 167 metric=0.619756
epoch=167 train_loss=0.579972 lr=0.001 selection=val_map_50_95:0.619756 best=true images=320/320 skipped=0 elapsed=2129.31s val_loss=0.545291 val_map50=0.956647 val_map50_95=0.619756
epoch 168/500 training
epoch 168/500 validation
epoch 168/500 validation loss
checkpoint last saved: runs/reproduced/faster_rcnn-detector512/checkpoints/last.pt
epoch=168 train_loss=0.588039 lr=0.001 selection=val_map_50_95:0.592678 best=false images=320/320 skipped=0 elapsed=2146.40s val_loss=0.572334 val_map50=0.956583 val_map50_95=0.592678
epoch 169/500 training
epoch 169/500 validation
epoch 169/500 validation loss
checkpoint last saved: runs/reproduced/faster_rcnn-detector512/checkpoints/last.pt
epoch=169 train_loss=0.573260 lr=0.001 selection=val_map_50_95:0.597631 best=false images=320/320 skipped=0 elapsed=2158.46s val_loss=0.558519 val_map50=0.956915 val_map50_95=0.597631
epoch 170/500 training
epoch 170/500 validation
epoch 170/500 validation loss
checkpoint last saved: runs/reproduced/faster_rcnn-detector512/checkpoints/last.pt
epoch=170 train_loss=0.564572 lr=0.001 selection=val_map_50_95:0.610025 best=false images=320/320 skipped=0 elapsed=2170.28s val_loss=0.556007 val_map50=0.947497 val_map50_95=0.610025
epoch 171/500 training
epoch 171/500 validation
epoch 171/500 validation loss
checkpoint last saved: runs/reproduced/faster_rcnn-detector512/checkpoints/last.pt
epoch=171 train_loss=0.572388 lr=0.001 selection=val_map_50_95:0.602410 best=false images=320/320 skipped=0 elapsed=2182.16s val_loss=0.560193 val_map50=0.956892 val_map50_95=0.602410
epoch 172/500 training
epoch 172/500 validation
epoch 172/500 validation loss
checkpoint last saved: runs/reproduced/faster_rcnn-detector512/checkpoints/last.pt
checkpoint best updated: epoch 172 metric=0.621431
epoch=172 train_loss=0.578533 lr=0.001 selection=val_map_50_95:0.621431 best=true images=320/320 skipped=0 elapsed=2195.55s val_loss=0.534923 val_map50=0.956769 val_map50_95=0.621431
epoch 173/500 training
epoch 173/500 validation
epoch 173/500 validation loss
checkpoint last saved: runs/reproduced/faster_rcnn-detector512/checkpoints/last.pt
epoch=173 train_loss=0.566464 lr=0.001 selection=val_map_50_95:0.612143 best=false images=320/320 skipped=0 elapsed=2207.58s val_loss=0.555244 val_map50=0.956797 val_map50_95=0.612143
epoch 174/500 training
epoch 174/500 validation
epoch 174/500 validation loss
checkpoint last saved: runs/reproduced/faster_rcnn-detector512/checkpoints/last.pt
epoch=174 train_loss=0.596511 lr=0.001 selection=val_map_50_95:0.578042 best=false images=320/320 skipped=0 elapsed=2220.34s val_loss=0.580862 val_map50=0.965625 val_map50_95=0.578042
epoch 175/500 training
epoch 175/500 validation
epoch 175/500 validation loss
checkpoint last saved: runs/reproduced/faster_rcnn-detector512/checkpoints/last.pt
epoch=175 train_loss=0.564500 lr=0.001 selection=val_map_50_95:0.614702 best=false images=320/320 skipped=0 elapsed=2232.36s val_loss=0.545292 val_map50=0.956638 val_map50_95=0.614702
epoch 176/500 training
epoch 176/500 validation
epoch 176/500 validation loss
checkpoint last saved: runs/reproduced/faster_rcnn-detector512/checkpoints/last.pt
epoch=176 train_loss=0.574816 lr=0.001 selection=val_map_50_95:0.598654 best=false images=320/320 skipped=0 elapsed=2244.45s val_loss=0.564419 val_map50=0.956868 val_map50_95=0.598654
epoch 177/500 training
epoch 177/500 validation
epoch 177/500 validation loss
checkpoint last saved: runs/reproduced/faster_rcnn-detector512/checkpoints/last.pt
epoch=177 train_loss=0.574457 lr=0.001 selection=val_map_50_95:0.616841 best=false images=320/320 skipped=0 elapsed=2256.54s val_loss=0.542626 val_map50=0.956897 val_map50_95=0.616841
epoch 178/500 training
epoch 178/500 validation
epoch 178/500 validation loss
checkpoint last saved: runs/reproduced/faster_rcnn-detector512/checkpoints/last.pt
checkpoint best updated: epoch 178 metric=0.621453
epoch=178 train_loss=0.558217 lr=0.001 selection=val_map_50_95:0.621453 best=true images=320/320 skipped=0 elapsed=2269.82s val_loss=0.540051 val_map50=0.956560 val_map50_95=0.621453
epoch 179/500 training
epoch 179/500 validation
epoch 179/500 validation loss
checkpoint last saved: runs/reproduced/faster_rcnn-detector512/checkpoints/last.pt
epoch=179 train_loss=0.586598 lr=0.001 selection=val_map_50_95:0.616595 best=false images=320/320 skipped=0 elapsed=2281.60s val_loss=0.539542 val_map50=0.956081 val_map50_95=0.616595
epoch 180/500 training
epoch 180/500 validation
epoch 180/500 validation loss
checkpoint last saved: runs/reproduced/faster_rcnn-detector512/checkpoints/last.pt
epoch=180 train_loss=0.595529 lr=0.001 selection=val_map_50_95:0.596376 best=false images=320/320 skipped=0 elapsed=2294.19s val_loss=0.560479 val_map50=0.956421 val_map50_95=0.596376
epoch 181/500 training
epoch 181/500 validation
epoch 181/500 validation loss
checkpoint last saved: runs/reproduced/faster_rcnn-detector512/checkpoints/last.pt
epoch=181 train_loss=0.592319 lr=0.001 selection=val_map_50_95:0.611459 best=false images=320/320 skipped=0 elapsed=2306.39s val_loss=0.553552 val_map50=0.957192 val_map50_95=0.611459
epoch 182/500 training
epoch 182/500 validation
epoch 182/500 validation loss
checkpoint last saved: runs/reproduced/faster_rcnn-detector512/checkpoints/last.pt
epoch=182 train_loss=0.585095 lr=0.001 selection=val_map_50_95:0.586385 best=false images=320/320 skipped=0 elapsed=2318.67s val_loss=0.569359 val_map50=0.956722 val_map50_95=0.586385
epoch 183/500 training
epoch 183/500 validation
epoch 183/500 validation loss
checkpoint last saved: runs/reproduced/faster_rcnn-detector512/checkpoints/last.pt
epoch=183 train_loss=0.582595 lr=0.001 selection=val_map_50_95:0.619193 best=false images=320/320 skipped=0 elapsed=2334.72s val_loss=0.546310 val_map50=0.956886 val_map50_95=0.619193
epoch 184/500 training
epoch 184/500 validation
epoch 184/500 validation loss
checkpoint last saved: runs/reproduced/faster_rcnn-detector512/checkpoints/last.pt
epoch=184 train_loss=0.590775 lr=0.001 selection=val_map_50_95:0.601917 best=false images=320/320 skipped=0 elapsed=2346.74s val_loss=0.549675 val_map50=0.956983 val_map50_95=0.601917
epoch 185/500 training
epoch 185/500 validation
epoch 185/500 validation loss
checkpoint last saved: runs/reproduced/faster_rcnn-detector512/checkpoints/last.pt
epoch=185 train_loss=0.564199 lr=0.001 selection=val_map_50_95:0.589959 best=false images=320/320 skipped=0 elapsed=2359.14s val_loss=0.570897 val_map50=0.957016 val_map50_95=0.589959
epoch 186/500 training
epoch 186/500 validation
epoch 186/500 validation loss
checkpoint last saved: runs/reproduced/faster_rcnn-detector512/checkpoints/last.pt
epoch=186 train_loss=0.580621 lr=0.001 selection=val_map_50_95:0.618867 best=false images=320/320 skipped=0 elapsed=2371.01s val_loss=0.543191 val_map50=0.956707 val_map50_95=0.618867
epoch 187/500 training
epoch 187/500 validation
epoch 187/500 validation loss
checkpoint last saved: runs/reproduced/faster_rcnn-detector512/checkpoints/last.pt
epoch=187 train_loss=0.557744 lr=0.001 selection=val_map_50_95:0.618922 best=false images=320/320 skipped=0 elapsed=2382.92s val_loss=0.536516 val_map50=0.947433 val_map50_95=0.618922
epoch 188/500 training
epoch 188/500 validation
epoch 188/500 validation loss
checkpoint last saved: runs/reproduced/faster_rcnn-detector512/checkpoints/last.pt
epoch=188 train_loss=0.584295 lr=0.001 selection=val_map_50_95:0.586587 best=false images=320/320 skipped=0 elapsed=2395.78s val_loss=0.581944 val_map50=0.965970 val_map50_95=0.586587
epoch 189/500 training
epoch 189/500 validation
epoch 189/500 validation loss
checkpoint last saved: runs/reproduced/faster_rcnn-detector512/checkpoints/last.pt
checkpoint best updated: epoch 189 metric=0.622672
epoch=189 train_loss=0.566469 lr=0.001 selection=val_map_50_95:0.622672 best=true images=320/320 skipped=0 elapsed=2409.17s val_loss=0.536168 val_map50=0.956933 val_map50_95=0.622672
epoch 190/500 training
epoch 190/500 validation
epoch 190/500 validation loss
checkpoint last saved: runs/reproduced/faster_rcnn-detector512/checkpoints/last.pt
epoch=190 train_loss=0.573103 lr=0.001 selection=val_map_50_95:0.619819 best=false images=320/320 skipped=0 elapsed=2421.18s val_loss=0.542267 val_map50=0.956908 val_map50_95=0.619819
epoch 191/500 training
epoch 191/500 validation
epoch 191/500 validation loss
checkpoint last saved: runs/reproduced/faster_rcnn-detector512/checkpoints/last.pt
epoch=191 train_loss=0.546148 lr=0.001 selection=val_map_50_95:0.617848 best=false images=320/320 skipped=0 elapsed=2433.58s val_loss=0.542160 val_map50=0.957068 val_map50_95=0.617848
epoch 192/500 training
epoch 192/500 validation
epoch 192/500 validation loss
checkpoint last saved: runs/reproduced/faster_rcnn-detector512/checkpoints/last.pt
epoch=192 train_loss=0.581966 lr=0.001 selection=val_map_50_95:0.612586 best=false images=320/320 skipped=0 elapsed=2445.67s val_loss=0.561845 val_map50=0.956754 val_map50_95=0.612586
epoch 193/500 training
epoch 193/500 validation
epoch 193/500 validation loss
checkpoint last saved: runs/reproduced/faster_rcnn-detector512/checkpoints/last.pt
checkpoint best updated: epoch 193 metric=0.625874
epoch=193 train_loss=0.559160 lr=0.001 selection=val_map_50_95:0.625874 best=true images=320/320 skipped=0 elapsed=2459.06s val_loss=0.534205 val_map50=0.957058 val_map50_95=0.625874
epoch 194/500 training
epoch 194/500 validation
epoch 194/500 validation loss
checkpoint last saved: runs/reproduced/faster_rcnn-detector512/checkpoints/last.pt
epoch=194 train_loss=0.551183 lr=0.001 selection=val_map_50_95:0.620850 best=false images=320/320 skipped=0 elapsed=2471.28s val_loss=0.546893 val_map50=0.957269 val_map50_95=0.620850
epoch 195/500 training
epoch 195/500 validation
epoch 195/500 validation loss
checkpoint last saved: runs/reproduced/faster_rcnn-detector512/checkpoints/last.pt
epoch=195 train_loss=0.578347 lr=0.001 selection=val_map_50_95:0.613432 best=false images=320/320 skipped=0 elapsed=2483.46s val_loss=0.546176 val_map50=0.957018 val_map50_95=0.613432
epoch 196/500 training
epoch 196/500 validation
epoch 196/500 validation loss
checkpoint last saved: runs/reproduced/faster_rcnn-detector512/checkpoints/last.pt
epoch=196 train_loss=0.562705 lr=0.001 selection=val_map_50_95:0.619300 best=false images=320/320 skipped=0 elapsed=2495.70s val_loss=0.527009 val_map50=0.956999 val_map50_95=0.619300
epoch 197/500 training
epoch 197/500 validation
epoch 197/500 validation loss
checkpoint last saved: runs/reproduced/faster_rcnn-detector512/checkpoints/last.pt
epoch=197 train_loss=0.573362 lr=0.001 selection=val_map_50_95:0.605850 best=false images=320/320 skipped=0 elapsed=2507.84s val_loss=0.558738 val_map50=0.957084 val_map50_95=0.605850
epoch 198/500 training
epoch 198/500 validation
epoch 198/500 validation loss
checkpoint last saved: runs/reproduced/faster_rcnn-detector512/checkpoints/last.pt
epoch=198 train_loss=0.573163 lr=0.001 selection=val_map_50_95:0.583306 best=false images=320/320 skipped=0 elapsed=2519.75s val_loss=0.573140 val_map50=0.956693 val_map50_95=0.583306
epoch 199/500 training
epoch 199/500 validation
epoch 199/500 validation loss
checkpoint last saved: runs/reproduced/faster_rcnn-detector512/checkpoints/last.pt
epoch=199 train_loss=0.572336 lr=0.001 selection=val_map_50_95:0.615791 best=false images=320/320 skipped=0 elapsed=2531.76s val_loss=0.542395 val_map50=0.957153 val_map50_95=0.615791
epoch 200/500 training
epoch 200/500 validation
epoch 200/500 validation loss
checkpoint last saved: runs/reproduced/faster_rcnn-detector512/checkpoints/last.pt
epoch=200 train_loss=0.548178 lr=0.001 selection=val_map_50_95:0.618771 best=false images=320/320 skipped=0 elapsed=2543.83s val_loss=0.547854 val_map50=0.956979 val_map50_95=0.618771
epoch 201/500 training
epoch 201/500 validation
epoch 201/500 validation loss
checkpoint last saved: runs/reproduced/faster_rcnn-detector512/checkpoints/last.pt
epoch=201 train_loss=0.573069 lr=0.001 selection=val_map_50_95:0.623111 best=false images=320/320 skipped=0 elapsed=2555.93s val_loss=0.527380 val_map50=0.956444 val_map50_95=0.623111
epoch 202/500 training
epoch 202/500 validation
epoch 202/500 validation loss
checkpoint last saved: runs/reproduced/faster_rcnn-detector512/checkpoints/last.pt
epoch=202 train_loss=0.542548 lr=0.001 selection=val_map_50_95:0.614312 best=false images=320/320 skipped=0 elapsed=2567.73s val_loss=0.545241 val_map50=0.957260 val_map50_95=0.614312
epoch 203/500 training
epoch 203/500 validation
epoch 203/500 validation loss
checkpoint last saved: runs/reproduced/faster_rcnn-detector512/checkpoints/last.pt
epoch=203 train_loss=0.566696 lr=0.001 selection=val_map_50_95:0.613499 best=false images=320/320 skipped=0 elapsed=2579.64s val_loss=0.530725 val_map50=0.957157 val_map50_95=0.613499
epoch 204/500 training
epoch 204/500 validation
epoch 204/500 validation loss
checkpoint last saved: runs/reproduced/faster_rcnn-detector512/checkpoints/last.pt
epoch=204 train_loss=0.566846 lr=0.001 selection=val_map_50_95:0.621678 best=false images=320/320 skipped=0 elapsed=2591.59s val_loss=0.532136 val_map50=0.957035 val_map50_95=0.621678
epoch 205/500 training
epoch 205/500 validation
epoch 205/500 validation loss
checkpoint last saved: runs/reproduced/faster_rcnn-detector512/checkpoints/last.pt
epoch=205 train_loss=0.559842 lr=0.001 selection=val_map_50_95:0.618102 best=false images=320/320 skipped=0 elapsed=2603.42s val_loss=0.538049 val_map50=0.956855 val_map50_95=0.618102
epoch 206/500 training
epoch 206/500 validation
epoch 206/500 validation loss
checkpoint last saved: runs/reproduced/faster_rcnn-detector512/checkpoints/last.pt
epoch=206 train_loss=0.556495 lr=0.001 selection=val_map_50_95:0.617750 best=false images=320/320 skipped=0 elapsed=2616.01s val_loss=0.525475 val_map50=0.956901 val_map50_95=0.617750
epoch 207/500 training
epoch 207/500 validation
epoch 207/500 validation loss
checkpoint last saved: runs/reproduced/faster_rcnn-detector512/checkpoints/last.pt
epoch=207 train_loss=0.561549 lr=0.001 selection=val_map_50_95:0.612550 best=false images=320/320 skipped=0 elapsed=2628.12s val_loss=0.537399 val_map50=0.966409 val_map50_95=0.612550
epoch 208/500 training
epoch 208/500 validation
epoch 208/500 validation loss
checkpoint last saved: runs/reproduced/faster_rcnn-detector512/checkpoints/last.pt
epoch=208 train_loss=0.563820 lr=0.001 selection=val_map_50_95:0.591926 best=false images=320/320 skipped=0 elapsed=2640.08s val_loss=0.559887 val_map50=0.956566 val_map50_95=0.591926
epoch 209/500 training
epoch 209/500 validation
epoch 209/500 validation loss
checkpoint last saved: runs/reproduced/faster_rcnn-detector512/checkpoints/last.pt
epoch=209 train_loss=0.570994 lr=0.001 selection=val_map_50_95:0.621660 best=false images=320/320 skipped=0 elapsed=2652.04s val_loss=0.528535 val_map50=0.956818 val_map50_95=0.621660
epoch 210/500 training
epoch 210/500 validation
epoch 210/500 validation loss
checkpoint last saved: runs/reproduced/faster_rcnn-detector512/checkpoints/last.pt
epoch=210 train_loss=0.559839 lr=0.001 selection=val_map_50_95:0.622416 best=false images=320/320 skipped=0 elapsed=2664.02s val_loss=0.537615 val_map50=0.957167 val_map50_95=0.622416
epoch 211/500 training
epoch 211/500 validation
epoch 211/500 validation loss
checkpoint last saved: runs/reproduced/faster_rcnn-detector512/checkpoints/last.pt
epoch=211 train_loss=0.564864 lr=0.001 selection=val_map_50_95:0.617419 best=false images=320/320 skipped=0 elapsed=2676.03s val_loss=0.526076 val_map50=0.956698 val_map50_95=0.617419
epoch 212/500 training
epoch 212/500 validation
epoch 212/500 validation loss
checkpoint last saved: runs/reproduced/faster_rcnn-detector512/checkpoints/last.pt
epoch=212 train_loss=0.566210 lr=0.001 selection=val_map_50_95:0.602430 best=false images=320/320 skipped=0 elapsed=2688.74s val_loss=0.543954 val_map50=0.957027 val_map50_95=0.602430
epoch 213/500 training
epoch 213/500 validation
epoch 213/500 validation loss
checkpoint last saved: runs/reproduced/faster_rcnn-detector512/checkpoints/last.pt
checkpoint best updated: epoch 213 metric=0.628521
epoch=213 train_loss=0.550685 lr=0.001 selection=val_map_50_95:0.628521 best=true images=320/320 skipped=0 elapsed=2701.63s val_loss=0.530362 val_map50=0.957035 val_map50_95=0.628521
epoch 214/500 training
epoch 214/500 validation
epoch 214/500 validation loss
checkpoint last saved: runs/reproduced/faster_rcnn-detector512/checkpoints/last.pt
epoch=214 train_loss=0.564637 lr=0.001 selection=val_map_50_95:0.616983 best=false images=320/320 skipped=0 elapsed=2713.69s val_loss=0.533874 val_map50=0.947808 val_map50_95=0.616983
epoch 215/500 training
epoch 215/500 validation
epoch 215/500 validation loss
checkpoint last saved: runs/reproduced/faster_rcnn-detector512/checkpoints/last.pt
epoch=215 train_loss=0.570242 lr=0.001 selection=val_map_50_95:0.613277 best=false images=320/320 skipped=0 elapsed=2726.07s val_loss=0.544671 val_map50=0.957278 val_map50_95=0.613277
epoch 216/500 training
epoch 216/500 validation
epoch 216/500 validation loss
checkpoint last saved: runs/reproduced/faster_rcnn-detector512/checkpoints/last.pt
epoch=216 train_loss=0.543403 lr=0.001 selection=val_map_50_95:0.601395 best=false images=320/320 skipped=0 elapsed=2738.14s val_loss=0.552153 val_map50=0.966440 val_map50_95=0.601395
epoch 217/500 training
epoch 217/500 validation
epoch 217/500 validation loss
checkpoint last saved: runs/reproduced/faster_rcnn-detector512/checkpoints/last.pt
epoch=217 train_loss=0.561699 lr=0.001 selection=val_map_50_95:0.624296 best=false images=320/320 skipped=0 elapsed=2750.27s val_loss=0.537570 val_map50=0.956719 val_map50_95=0.624296
epoch 218/500 training
epoch 218/500 validation
epoch 218/500 validation loss
checkpoint last saved: runs/reproduced/faster_rcnn-detector512/checkpoints/last.pt
epoch=218 train_loss=0.562852 lr=0.001 selection=val_map_50_95:0.615186 best=false images=320/320 skipped=0 elapsed=2762.48s val_loss=0.540234 val_map50=0.957060 val_map50_95=0.615186
epoch 219/500 training
epoch 219/500 validation
epoch 219/500 validation loss
checkpoint last saved: runs/reproduced/faster_rcnn-detector512/checkpoints/last.pt
epoch=219 train_loss=0.545147 lr=0.001 selection=val_map_50_95:0.622610 best=false images=320/320 skipped=0 elapsed=2774.37s val_loss=0.529895 val_map50=0.947519 val_map50_95=0.622610
epoch 220/500 training
epoch 220/500 validation
epoch 220/500 validation loss
checkpoint last saved: runs/reproduced/faster_rcnn-detector512/checkpoints/last.pt
epoch=220 train_loss=0.550998 lr=0.001 selection=val_map_50_95:0.618393 best=false images=320/320 skipped=0 elapsed=2786.29s val_loss=0.522889 val_map50=0.947512 val_map50_95=0.618393
epoch 221/500 training
epoch 221/500 validation
epoch 221/500 validation loss
checkpoint last saved: runs/reproduced/faster_rcnn-detector512/checkpoints/last.pt
epoch=221 train_loss=0.553336 lr=0.001 selection=val_map_50_95:0.624682 best=false images=320/320 skipped=0 elapsed=2798.35s val_loss=0.532049 val_map50=0.956773 val_map50_95=0.624682
epoch 222/500 training
epoch 222/500 validation
epoch 222/500 validation loss
checkpoint last saved: runs/reproduced/faster_rcnn-detector512/checkpoints/last.pt
epoch=222 train_loss=0.557754 lr=0.001 selection=val_map_50_95:0.621039 best=false images=320/320 skipped=0 elapsed=2810.41s val_loss=0.542910 val_map50=0.966630 val_map50_95=0.621039
epoch 223/500 training
epoch 223/500 validation
epoch 223/500 validation loss
checkpoint last saved: runs/reproduced/faster_rcnn-detector512/checkpoints/last.pt
epoch=223 train_loss=0.567930 lr=0.001 selection=val_map_50_95:0.598206 best=false images=320/320 skipped=0 elapsed=2822.44s val_loss=0.560901 val_map50=0.957129 val_map50_95=0.598206
epoch 224/500 training
epoch 224/500 validation
epoch 224/500 validation loss
checkpoint last saved: runs/reproduced/faster_rcnn-detector512/checkpoints/last.pt
epoch=224 train_loss=0.571835 lr=0.001 selection=val_map_50_95:0.601054 best=false images=320/320 skipped=0 elapsed=2834.38s val_loss=0.551951 val_map50=0.956965 val_map50_95=0.601054
epoch 225/500 training
epoch 225/500 validation
epoch 225/500 validation loss
checkpoint last saved: runs/reproduced/faster_rcnn-detector512/checkpoints/last.pt
epoch=225 train_loss=0.549484 lr=0.001 selection=val_map_50_95:0.621415 best=false images=320/320 skipped=0 elapsed=2846.40s val_loss=0.531467 val_map50=0.947347 val_map50_95=0.621415
epoch 226/500 training
epoch 226/500 validation
epoch 226/500 validation loss
checkpoint last saved: runs/reproduced/faster_rcnn-detector512/checkpoints/last.pt
epoch=226 train_loss=0.553086 lr=0.001 selection=val_map_50_95:0.625956 best=false images=320/320 skipped=0 elapsed=2858.35s val_loss=0.531963 val_map50=0.957119 val_map50_95=0.625956
epoch 227/500 training
epoch 227/500 validation
epoch 227/500 validation loss
checkpoint last saved: runs/reproduced/faster_rcnn-detector512/checkpoints/last.pt
epoch=227 train_loss=0.558665 lr=0.001 selection=val_map_50_95:0.592452 best=false images=320/320 skipped=0 elapsed=2870.50s val_loss=0.554588 val_map50=0.957141 val_map50_95=0.592452
epoch 228/500 training
epoch 228/500 validation
epoch 228/500 validation loss
checkpoint last saved: runs/reproduced/faster_rcnn-detector512/checkpoints/last.pt
epoch=228 train_loss=0.541236 lr=0.001 selection=val_map_50_95:0.600215 best=false images=320/320 skipped=0 elapsed=2883.47s val_loss=0.553177 val_map50=0.966613 val_map50_95=0.600215
epoch 229/500 training
epoch 229/500 validation
epoch 229/500 validation loss
checkpoint last saved: runs/reproduced/faster_rcnn-detector512/checkpoints/last.pt
epoch=229 train_loss=0.572471 lr=0.001 selection=val_map_50_95:0.614338 best=false images=320/320 skipped=0 elapsed=2895.53s val_loss=0.540366 val_map50=0.966474 val_map50_95=0.614338
epoch 230/500 training
epoch 230/500 validation
epoch 230/500 validation loss
checkpoint last saved: runs/reproduced/faster_rcnn-detector512/checkpoints/last.pt
epoch=230 train_loss=0.558522 lr=0.001 selection=val_map_50_95:0.578150 best=false images=320/320 skipped=0 elapsed=2907.53s val_loss=0.583372 val_map50=0.965748 val_map50_95=0.578150
epoch 231/500 training
epoch 231/500 validation
epoch 231/500 validation loss
checkpoint last saved: runs/reproduced/faster_rcnn-detector512/checkpoints/last.pt
epoch=231 train_loss=0.556399 lr=0.001 selection=val_map_50_95:0.624255 best=false images=320/320 skipped=0 elapsed=2919.63s val_loss=0.534677 val_map50=0.957181 val_map50_95=0.624255
epoch 232/500 training
epoch 232/500 validation
epoch 232/500 validation loss
checkpoint last saved: runs/reproduced/faster_rcnn-detector512/checkpoints/last.pt
epoch=232 train_loss=0.567646 lr=0.001 selection=val_map_50_95:0.617292 best=false images=320/320 skipped=0 elapsed=2931.70s val_loss=0.543830 val_map50=0.957146 val_map50_95=0.617292
epoch 233/500 training
epoch 233/500 validation
epoch 233/500 validation loss
checkpoint last saved: runs/reproduced/faster_rcnn-detector512/checkpoints/last.pt
epoch=233 train_loss=0.541732 lr=0.001 selection=val_map_50_95:0.602379 best=false images=320/320 skipped=0 elapsed=2943.54s val_loss=0.559712 val_map50=0.956877 val_map50_95=0.602379
epoch 234/500 training
epoch 234/500 validation
epoch 234/500 validation loss
checkpoint last saved: runs/reproduced/faster_rcnn-detector512/checkpoints/last.pt
epoch=234 train_loss=0.541304 lr=0.001 selection=val_map_50_95:0.620242 best=false images=320/320 skipped=0 elapsed=2957.93s val_loss=0.530884 val_map50=0.956989 val_map50_95=0.620242
epoch 235/500 training
epoch 235/500 validation
epoch 235/500 validation loss
checkpoint last saved: runs/reproduced/faster_rcnn-detector512/checkpoints/last.pt
epoch=235 train_loss=0.561293 lr=0.001 selection=val_map_50_95:0.623375 best=false images=320/320 skipped=0 elapsed=2972.17s val_loss=0.521041 val_map50=0.957119 val_map50_95=0.623375
epoch 236/500 training
epoch 236/500 validation
epoch 236/500 validation loss
checkpoint last saved: runs/reproduced/faster_rcnn-detector512/checkpoints/last.pt
epoch=236 train_loss=0.548259 lr=0.001 selection=val_map_50_95:0.622634 best=false images=320/320 skipped=0 elapsed=2984.27s val_loss=0.527348 val_map50=0.957276 val_map50_95=0.622634
epoch 237/500 training
epoch 237/500 validation
epoch 237/500 validation loss
checkpoint last saved: runs/reproduced/faster_rcnn-detector512/checkpoints/last.pt
epoch=237 train_loss=0.552963 lr=0.001 selection=val_map_50_95:0.623269 best=false images=320/320 skipped=0 elapsed=2996.27s val_loss=0.528494 val_map50=0.957108 val_map50_95=0.623269
epoch 238/500 training
epoch 238/500 validation
epoch 238/500 validation loss
checkpoint last saved: runs/reproduced/faster_rcnn-detector512/checkpoints/last.pt
epoch=238 train_loss=0.533581 lr=0.001 selection=val_map_50_95:0.618673 best=false images=320/320 skipped=0 elapsed=3008.24s val_loss=0.521571 val_map50=0.956853 val_map50_95=0.618673
epoch 239/500 training
epoch 239/500 validation
epoch 239/500 validation loss
checkpoint last saved: runs/reproduced/faster_rcnn-detector512/checkpoints/last.pt
epoch=239 train_loss=0.540389 lr=0.001 selection=val_map_50_95:0.604604 best=false images=320/320 skipped=0 elapsed=3020.37s val_loss=0.548967 val_map50=0.956936 val_map50_95=0.604604
epoch 240/500 training
epoch 240/500 validation
epoch 240/500 validation loss
checkpoint last saved: runs/reproduced/faster_rcnn-detector512/checkpoints/last.pt
epoch=240 train_loss=0.541165 lr=0.001 selection=val_map_50_95:0.613697 best=false images=320/320 skipped=0 elapsed=3033.57s val_loss=0.542619 val_map50=0.956914 val_map50_95=0.613697
epoch 241/500 training
epoch 241/500 validation
epoch 241/500 validation loss
checkpoint last saved: runs/reproduced/faster_rcnn-detector512/checkpoints/last.pt
epoch=241 train_loss=0.537358 lr=0.001 selection=val_map_50_95:0.628114 best=false images=320/320 skipped=0 elapsed=3045.66s val_loss=0.524052 val_map50=0.947517 val_map50_95=0.628114
epoch 242/500 training
epoch 242/500 validation
epoch 242/500 validation loss
checkpoint last saved: runs/reproduced/faster_rcnn-detector512/checkpoints/last.pt
epoch=242 train_loss=0.545355 lr=0.001 selection=val_map_50_95:0.627990 best=false images=320/320 skipped=0 elapsed=3057.62s val_loss=0.532602 val_map50=0.956824 val_map50_95=0.627990
epoch 243/500 training
epoch 243/500 validation
epoch 243/500 validation loss
checkpoint last saved: runs/reproduced/faster_rcnn-detector512/checkpoints/last.pt
epoch=243 train_loss=0.560135 lr=0.001 selection=val_map_50_95:0.562021 best=false images=320/320 skipped=0 elapsed=3069.66s val_loss=0.590716 val_map50=0.956160 val_map50_95=0.562021
epoch 244/500 training
epoch 244/500 validation
epoch 244/500 validation loss
checkpoint last saved: runs/reproduced/faster_rcnn-detector512/checkpoints/last.pt
epoch=244 train_loss=0.561370 lr=0.001 selection=val_map_50_95:0.604155 best=false images=320/320 skipped=0 elapsed=3081.74s val_loss=0.534984 val_map50=0.957005 val_map50_95=0.604155
epoch 245/500 training
epoch 245/500 validation
epoch 245/500 validation loss
checkpoint last saved: runs/reproduced/faster_rcnn-detector512/checkpoints/last.pt
epoch=245 train_loss=0.553336 lr=0.001 selection=val_map_50_95:0.611805 best=false images=320/320 skipped=0 elapsed=3093.77s val_loss=0.539574 val_map50=0.956811 val_map50_95=0.611805
epoch 246/500 training
epoch 246/500 validation
epoch 246/500 validation loss
checkpoint last saved: runs/reproduced/faster_rcnn-detector512/checkpoints/last.pt
epoch=246 train_loss=0.553663 lr=0.001 selection=val_map_50_95:0.621102 best=false images=320/320 skipped=0 elapsed=3106.05s val_loss=0.535305 val_map50=0.966073 val_map50_95=0.621102
epoch 247/500 training
epoch 247/500 validation
epoch 247/500 validation loss
checkpoint last saved: runs/reproduced/faster_rcnn-detector512/checkpoints/last.pt
epoch=247 train_loss=0.548797 lr=0.001 selection=val_map_50_95:0.608676 best=false images=320/320 skipped=0 elapsed=3119.73s val_loss=0.544412 val_map50=0.956746 val_map50_95=0.608676
epoch 248/500 training
epoch 248/500 validation
epoch 248/500 validation loss
checkpoint last saved: runs/reproduced/faster_rcnn-detector512/checkpoints/last.pt
epoch=248 train_loss=0.538209 lr=0.001 selection=val_map_50_95:0.620791 best=false images=320/320 skipped=0 elapsed=3131.82s val_loss=0.527940 val_map50=0.956898 val_map50_95=0.620791
epoch 249/500 training
epoch 249/500 validation
epoch 249/500 validation loss
checkpoint last saved: runs/reproduced/faster_rcnn-detector512/checkpoints/last.pt
epoch=249 train_loss=0.542844 lr=0.001 selection=val_map_50_95:0.622686 best=false images=320/320 skipped=0 elapsed=3143.72s val_loss=0.526178 val_map50=0.946963 val_map50_95=0.622686
epoch 250/500 training
epoch 250/500 validation
epoch 250/500 validation loss
checkpoint last saved: runs/reproduced/faster_rcnn-detector512/checkpoints/last.pt
epoch=250 train_loss=0.541409 lr=0.001 selection=val_map_50_95:0.626203 best=false images=320/320 skipped=0 elapsed=3155.82s val_loss=0.529221 val_map50=0.956732 val_map50_95=0.626203
epoch 251/500 training
epoch 251/500 validation
epoch 251/500 validation loss
checkpoint last saved: runs/reproduced/faster_rcnn-detector512/checkpoints/last.pt
epoch=251 train_loss=0.551266 lr=0.001 selection=val_map_50_95:0.617524 best=false images=320/320 skipped=0 elapsed=3167.79s val_loss=0.540728 val_map50=0.956714 val_map50_95=0.617524
epoch 252/500 training
epoch 252/500 validation
epoch 252/500 validation loss
checkpoint last saved: runs/reproduced/faster_rcnn-detector512/checkpoints/last.pt
epoch=252 train_loss=0.544565 lr=0.001 selection=val_map_50_95:0.625198 best=false images=320/320 skipped=0 elapsed=3179.59s val_loss=0.528376 val_map50=0.956956 val_map50_95=0.625198
epoch 253/500 training
epoch 253/500 validation
epoch 253/500 validation loss
checkpoint last saved: runs/reproduced/faster_rcnn-detector512/checkpoints/last.pt
epoch=253 train_loss=0.528957 lr=0.001 selection=val_map_50_95:0.625909 best=false images=320/320 skipped=0 elapsed=3191.55s val_loss=0.522417 val_map50=0.956469 val_map50_95=0.625909
epoch 254/500 training
epoch 254/500 validation
epoch 254/500 validation loss
checkpoint last saved: runs/reproduced/faster_rcnn-detector512/checkpoints/last.pt
epoch=254 train_loss=0.553493 lr=0.001 selection=val_map_50_95:0.604844 best=false images=320/320 skipped=0 elapsed=3203.75s val_loss=0.545952 val_map50=0.966169 val_map50_95=0.604844
epoch 255/500 training
epoch 255/500 validation
epoch 255/500 validation loss
checkpoint last saved: runs/reproduced/faster_rcnn-detector512/checkpoints/last.pt
checkpoint best updated: epoch 255 metric=0.633096
epoch=255 train_loss=0.544773 lr=0.001 selection=val_map_50_95:0.633096 best=true images=320/320 skipped=0 elapsed=3216.97s val_loss=0.516958 val_map50=0.966671 val_map50_95=0.633096
epoch 256/500 training
epoch 256/500 validation
epoch 256/500 validation loss
checkpoint last saved: runs/reproduced/faster_rcnn-detector512/checkpoints/last.pt
epoch=256 train_loss=0.544743 lr=0.001 selection=val_map_50_95:0.630138 best=false images=320/320 skipped=0 elapsed=3228.85s val_loss=0.524050 val_map50=0.957070 val_map50_95=0.630138
epoch 257/500 training
epoch 257/500 validation
epoch 257/500 validation loss
checkpoint last saved: runs/reproduced/faster_rcnn-detector512/checkpoints/last.pt
epoch=257 train_loss=0.533433 lr=0.001 selection=val_map_50_95:0.613907 best=false images=320/320 skipped=0 elapsed=3242.23s val_loss=0.537568 val_map50=0.966197 val_map50_95=0.613907
epoch 258/500 training
epoch 258/500 validation
epoch 258/500 validation loss
checkpoint last saved: runs/reproduced/faster_rcnn-detector512/checkpoints/last.pt
epoch=258 train_loss=0.545463 lr=0.001 selection=val_map_50_95:0.623309 best=false images=320/320 skipped=0 elapsed=3254.21s val_loss=0.521577 val_map50=0.956863 val_map50_95=0.623309
epoch 259/500 training
epoch 259/500 validation
epoch 259/500 validation loss
checkpoint last saved: runs/reproduced/faster_rcnn-detector512/checkpoints/last.pt
epoch=259 train_loss=0.544872 lr=0.001 selection=val_map_50_95:0.624883 best=false images=320/320 skipped=0 elapsed=3266.15s val_loss=0.531720 val_map50=0.947440 val_map50_95=0.624883
epoch 260/500 training
epoch 260/500 validation
epoch 260/500 validation loss
checkpoint last saved: runs/reproduced/faster_rcnn-detector512/checkpoints/last.pt
epoch=260 train_loss=0.539091 lr=0.001 selection=val_map_50_95:0.629069 best=false images=320/320 skipped=0 elapsed=3278.21s val_loss=0.525889 val_map50=0.956991 val_map50_95=0.629069
epoch 261/500 training
epoch 261/500 validation
epoch 261/500 validation loss
checkpoint last saved: runs/reproduced/faster_rcnn-detector512/checkpoints/last.pt
epoch=261 train_loss=0.524940 lr=0.001 selection=val_map_50_95:0.610911 best=false images=320/320 skipped=0 elapsed=3290.14s val_loss=0.538680 val_map50=0.957121 val_map50_95=0.610911
epoch 262/500 training
epoch 262/500 validation
epoch 262/500 validation loss
checkpoint last saved: runs/reproduced/faster_rcnn-detector512/checkpoints/last.pt
epoch=262 train_loss=0.553800 lr=0.001 selection=val_map_50_95:0.629042 best=false images=320/320 skipped=0 elapsed=3302.05s val_loss=0.522378 val_map50=0.947359 val_map50_95=0.629042
epoch 263/500 training
epoch 263/500 validation
epoch 263/500 validation loss
checkpoint last saved: runs/reproduced/faster_rcnn-detector512/checkpoints/last.pt
checkpoint best updated: epoch 263 metric=0.635046
epoch=263 train_loss=0.545387 lr=0.001 selection=val_map_50_95:0.635046 best=true images=320/320 skipped=0 elapsed=3315.10s val_loss=0.521329 val_map50=0.956721 val_map50_95=0.635046
epoch 264/500 training
epoch 264/500 validation
epoch 264/500 validation loss
checkpoint last saved: runs/reproduced/faster_rcnn-detector512/checkpoints/last.pt
epoch=264 train_loss=0.549466 lr=0.001 selection=val_map_50_95:0.627224 best=false images=320/320 skipped=0 elapsed=3330.12s val_loss=0.517353 val_map50=0.957032 val_map50_95=0.627224
epoch 265/500 training
epoch 265/500 validation
epoch 265/500 validation loss
checkpoint last saved: runs/reproduced/faster_rcnn-detector512/checkpoints/last.pt
epoch=265 train_loss=0.522016 lr=0.001 selection=val_map_50_95:0.625943 best=false images=320/320 skipped=0 elapsed=3344.05s val_loss=0.524565 val_map50=0.947483 val_map50_95=0.625943
epoch 266/500 training
epoch 266/500 validation
epoch 266/500 validation loss
checkpoint last saved: runs/reproduced/faster_rcnn-detector512/checkpoints/last.pt
epoch=266 train_loss=0.543509 lr=0.001 selection=val_map_50_95:0.632614 best=false images=320/320 skipped=0 elapsed=3356.12s val_loss=0.533123 val_map50=0.957204 val_map50_95=0.632614
epoch 267/500 training
epoch 267/500 validation
epoch 267/500 validation loss
checkpoint last saved: runs/reproduced/faster_rcnn-detector512/checkpoints/last.pt
epoch=267 train_loss=0.539998 lr=0.001 selection=val_map_50_95:0.630096 best=false images=320/320 skipped=0 elapsed=3368.13s val_loss=0.519443 val_map50=0.957005 val_map50_95=0.630096
epoch 268/500 training
epoch 268/500 validation
epoch 268/500 validation loss
checkpoint last saved: runs/reproduced/faster_rcnn-detector512/checkpoints/last.pt
epoch=268 train_loss=0.549519 lr=0.001 selection=val_map_50_95:0.596454 best=false images=320/320 skipped=0 elapsed=3380.10s val_loss=0.551217 val_map50=0.957115 val_map50_95=0.596454
epoch 269/500 training
epoch 269/500 validation
epoch 269/500 validation loss
checkpoint last saved: runs/reproduced/faster_rcnn-detector512/checkpoints/last.pt
epoch=269 train_loss=0.537941 lr=0.001 selection=val_map_50_95:0.626298 best=false images=320/320 skipped=0 elapsed=3392.26s val_loss=0.531052 val_map50=0.966396 val_map50_95=0.626298
epoch 270/500 training
epoch 270/500 validation
epoch 270/500 validation loss
checkpoint last saved: runs/reproduced/faster_rcnn-detector512/checkpoints/last.pt
epoch=270 train_loss=0.523013 lr=0.001 selection=val_map_50_95:0.625573 best=false images=320/320 skipped=0 elapsed=3404.28s val_loss=0.531232 val_map50=0.956904 val_map50_95=0.625573
epoch 271/500 training
epoch 271/500 validation
epoch 271/500 validation loss
checkpoint last saved: runs/reproduced/faster_rcnn-detector512/checkpoints/last.pt
checkpoint best updated: epoch 271 metric=0.636926
epoch=271 train_loss=0.529133 lr=0.001 selection=val_map_50_95:0.636926 best=true images=320/320 skipped=0 elapsed=3417.81s val_loss=0.516911 val_map50=0.956903 val_map50_95=0.636926
epoch 272/500 training
epoch 272/500 validation
epoch 272/500 validation loss
checkpoint last saved: runs/reproduced/faster_rcnn-detector512/checkpoints/last.pt
epoch=272 train_loss=0.511540 lr=0.001 selection=val_map_50_95:0.630259 best=false images=320/320 skipped=0 elapsed=3431.44s val_loss=0.521089 val_map50=0.947336 val_map50_95=0.630259
epoch 273/500 training
epoch 273/500 validation
epoch 273/500 validation loss
checkpoint last saved: runs/reproduced/faster_rcnn-detector512/checkpoints/last.pt
epoch=273 train_loss=0.539271 lr=0.001 selection=val_map_50_95:0.629152 best=false images=320/320 skipped=0 elapsed=3443.10s val_loss=0.519637 val_map50=0.957090 val_map50_95=0.629152
epoch 274/500 training
epoch 274/500 validation
epoch 274/500 validation loss
checkpoint last saved: runs/reproduced/faster_rcnn-detector512/checkpoints/last.pt
epoch=274 train_loss=0.525245 lr=0.001 selection=val_map_50_95:0.631417 best=false images=320/320 skipped=0 elapsed=3454.79s val_loss=0.514562 val_map50=0.957052 val_map50_95=0.631417
epoch 275/500 training
epoch 275/500 validation
epoch 275/500 validation loss
checkpoint last saved: runs/reproduced/faster_rcnn-detector512/checkpoints/last.pt
epoch=275 train_loss=0.542291 lr=0.001 selection=val_map_50_95:0.627627 best=false images=320/320 skipped=0 elapsed=3466.50s val_loss=0.520864 val_map50=0.947403 val_map50_95=0.627627
epoch 276/500 training
epoch 276/500 validation
epoch 276/500 validation loss
checkpoint last saved: runs/reproduced/faster_rcnn-detector512/checkpoints/last.pt
epoch=276 train_loss=0.538281 lr=0.001 selection=val_map_50_95:0.628207 best=false images=320/320 skipped=0 elapsed=3478.30s val_loss=0.529779 val_map50=0.956895 val_map50_95=0.628207
epoch 277/500 training
epoch 277/500 validation
epoch 277/500 validation loss
checkpoint last saved: runs/reproduced/faster_rcnn-detector512/checkpoints/last.pt
epoch=277 train_loss=0.537918 lr=0.001 selection=val_map_50_95:0.626563 best=false images=320/320 skipped=0 elapsed=3490.04s val_loss=0.513379 val_map50=0.957184 val_map50_95=0.626563
epoch 278/500 training
epoch 278/500 validation
epoch 278/500 validation loss
checkpoint last saved: runs/reproduced/faster_rcnn-detector512/checkpoints/last.pt
epoch=278 train_loss=0.538524 lr=0.001 selection=val_map_50_95:0.623438 best=false images=320/320 skipped=0 elapsed=3503.18s val_loss=0.525637 val_map50=0.966662 val_map50_95=0.623438
epoch 279/500 training
epoch 279/500 validation
epoch 279/500 validation loss
checkpoint last saved: runs/reproduced/faster_rcnn-detector512/checkpoints/last.pt
epoch=279 train_loss=0.509816 lr=0.001 selection=val_map_50_95:0.626442 best=false images=320/320 skipped=0 elapsed=3514.71s val_loss=0.520735 val_map50=0.957026 val_map50_95=0.626442
epoch 280/500 training
epoch 280/500 validation
epoch 280/500 validation loss
checkpoint last saved: runs/reproduced/faster_rcnn-detector512/checkpoints/last.pt
epoch=280 train_loss=0.532882 lr=0.001 selection=val_map_50_95:0.625091 best=false images=320/320 skipped=0 elapsed=3526.39s val_loss=0.528238 val_map50=0.957239 val_map50_95=0.625091
epoch 281/500 training
epoch 281/500 validation
epoch 281/500 validation loss
checkpoint last saved: runs/reproduced/faster_rcnn-detector512/checkpoints/last.pt
epoch=281 train_loss=0.545497 lr=0.001 selection=val_map_50_95:0.630401 best=false images=320/320 skipped=0 elapsed=3538.18s val_loss=0.513965 val_map50=0.956979 val_map50_95=0.630401
epoch 282/500 training
epoch 282/500 validation
epoch 282/500 validation loss
checkpoint last saved: runs/reproduced/faster_rcnn-detector512/checkpoints/last.pt
epoch=282 train_loss=0.533071 lr=0.001 selection=val_map_50_95:0.621482 best=false images=320/320 skipped=0 elapsed=3549.84s val_loss=0.534576 val_map50=0.966496 val_map50_95=0.621482
epoch 283/500 training
epoch 283/500 validation
epoch 283/500 validation loss
checkpoint last saved: runs/reproduced/faster_rcnn-detector512/checkpoints/last.pt
epoch=283 train_loss=0.546517 lr=0.001 selection=val_map_50_95:0.607884 best=false images=320/320 skipped=0 elapsed=3561.50s val_loss=0.541442 val_map50=0.956822 val_map50_95=0.607884
epoch 284/500 training
epoch 284/500 validation
epoch 284/500 validation loss
checkpoint last saved: runs/reproduced/faster_rcnn-detector512/checkpoints/last.pt
epoch=284 train_loss=0.559949 lr=0.001 selection=val_map_50_95:0.598338 best=false images=320/320 skipped=0 elapsed=3574.04s val_loss=0.541966 val_map50=0.956957 val_map50_95=0.598338
epoch 285/500 training
epoch 285/500 validation
epoch 285/500 validation loss
checkpoint last saved: runs/reproduced/faster_rcnn-detector512/checkpoints/last.pt
epoch=285 train_loss=0.531693 lr=0.001 selection=val_map_50_95:0.619420 best=false images=320/320 skipped=0 elapsed=3591.81s val_loss=0.529678 val_map50=0.966536 val_map50_95=0.619420
epoch 286/500 training
epoch 286/500 validation
epoch 286/500 validation loss
checkpoint last saved: runs/reproduced/faster_rcnn-detector512/checkpoints/last.pt
epoch=286 train_loss=0.527210 lr=0.001 selection=val_map_50_95:0.632704 best=false images=320/320 skipped=0 elapsed=3603.59s val_loss=0.519776 val_map50=0.957075 val_map50_95=0.632704
epoch 287/500 training
epoch 287/500 validation
epoch 287/500 validation loss
checkpoint last saved: runs/reproduced/faster_rcnn-detector512/checkpoints/last.pt
epoch=287 train_loss=0.536617 lr=0.001 selection=val_map_50_95:0.620635 best=false images=320/320 skipped=0 elapsed=3619.16s val_loss=0.523463 val_map50=0.947025 val_map50_95=0.620635
epoch 288/500 training
epoch 288/500 validation
epoch 288/500 validation loss
checkpoint last saved: runs/reproduced/faster_rcnn-detector512/checkpoints/last.pt
epoch=288 train_loss=0.531817 lr=0.001 selection=val_map_50_95:0.629748 best=false images=320/320 skipped=0 elapsed=3630.89s val_loss=0.523669 val_map50=0.956995 val_map50_95=0.629748
epoch 289/500 training
epoch 289/500 validation
epoch 289/500 validation loss
checkpoint last saved: runs/reproduced/faster_rcnn-detector512/checkpoints/last.pt
epoch=289 train_loss=0.519108 lr=0.001 selection=val_map_50_95:0.628197 best=false images=320/320 skipped=0 elapsed=3642.70s val_loss=0.530391 val_map50=0.947223 val_map50_95=0.628197
epoch 290/500 training
epoch 290/500 validation
epoch 290/500 validation loss
checkpoint last saved: runs/reproduced/faster_rcnn-detector512/checkpoints/last.pt
epoch=290 train_loss=0.530701 lr=0.001 selection=val_map_50_95:0.633880 best=false images=320/320 skipped=0 elapsed=3654.42s val_loss=0.516313 val_map50=0.956884 val_map50_95=0.633880
epoch 291/500 training
epoch 291/500 validation
epoch 291/500 validation loss
checkpoint last saved: runs/reproduced/faster_rcnn-detector512/checkpoints/last.pt
epoch=291 train_loss=0.550255 lr=0.001 selection=val_map_50_95:0.634323 best=false images=320/320 skipped=0 elapsed=3666.25s val_loss=0.530304 val_map50=0.966251 val_map50_95=0.634323
epoch 292/500 training
epoch 292/500 validation
epoch 292/500 validation loss
checkpoint last saved: runs/reproduced/faster_rcnn-detector512/checkpoints/last.pt
epoch=292 train_loss=0.536218 lr=0.001 selection=val_map_50_95:0.634111 best=false images=320/320 skipped=0 elapsed=3678.04s val_loss=0.518311 val_map50=0.957059 val_map50_95=0.634111
epoch 293/500 training
epoch 293/500 validation
epoch 293/500 validation loss
checkpoint last saved: runs/reproduced/faster_rcnn-detector512/checkpoints/last.pt
epoch=293 train_loss=0.529354 lr=0.001 selection=val_map_50_95:0.621901 best=false images=320/320 skipped=0 elapsed=3689.72s val_loss=0.530320 val_map50=0.957007 val_map50_95=0.621901
epoch 294/500 training
epoch 294/500 validation
epoch 294/500 validation loss
checkpoint last saved: runs/reproduced/faster_rcnn-detector512/checkpoints/last.pt
epoch=294 train_loss=0.536839 lr=0.001 selection=val_map_50_95:0.622236 best=false images=320/320 skipped=0 elapsed=3701.40s val_loss=0.519008 val_map50=0.957021 val_map50_95=0.622236
epoch 295/500 training
epoch 295/500 validation
epoch 295/500 validation loss
checkpoint last saved: runs/reproduced/faster_rcnn-detector512/checkpoints/last.pt
epoch=295 train_loss=0.544850 lr=0.001 selection=val_map_50_95:0.627678 best=false images=320/320 skipped=0 elapsed=3712.97s val_loss=0.512546 val_map50=0.947619 val_map50_95=0.627678
epoch 296/500 training
epoch 296/500 validation
epoch 296/500 validation loss
checkpoint last saved: runs/reproduced/faster_rcnn-detector512/checkpoints/last.pt
epoch=296 train_loss=0.532639 lr=0.001 selection=val_map_50_95:0.629405 best=false images=320/320 skipped=0 elapsed=3724.50s val_loss=0.519256 val_map50=0.956854 val_map50_95=0.629405
epoch 297/500 training
epoch 297/500 validation
epoch 297/500 validation loss
checkpoint last saved: runs/reproduced/faster_rcnn-detector512/checkpoints/last.pt
epoch=297 train_loss=0.529564 lr=0.001 selection=val_map_50_95:0.619674 best=false images=320/320 skipped=0 elapsed=3736.57s val_loss=0.541371 val_map50=0.966508 val_map50_95=0.619674
epoch 298/500 training
epoch 298/500 validation
epoch 298/500 validation loss
checkpoint last saved: runs/reproduced/faster_rcnn-detector512/checkpoints/last.pt
epoch=298 train_loss=0.537420 lr=0.001 selection=val_map_50_95:0.621376 best=false images=320/320 skipped=0 elapsed=3748.44s val_loss=0.523603 val_map50=0.957021 val_map50_95=0.621376
epoch 299/500 training
epoch 299/500 validation
epoch 299/500 validation loss
checkpoint last saved: runs/reproduced/faster_rcnn-detector512/checkpoints/last.pt
epoch=299 train_loss=0.525643 lr=0.001 selection=val_map_50_95:0.632065 best=false images=320/320 skipped=0 elapsed=3760.57s val_loss=0.502963 val_map50=0.947419 val_map50_95=0.632065
epoch 300/500 training
epoch 300/500 validation
epoch 300/500 validation loss
checkpoint last saved: runs/reproduced/faster_rcnn-detector512/checkpoints/last.pt
epoch=300 train_loss=0.532372 lr=0.001 selection=val_map_50_95:0.610710 best=false images=320/320 skipped=0 elapsed=3772.41s val_loss=0.540005 val_map50=0.957170 val_map50_95=0.610710
epoch 301/500 training
epoch 301/500 validation
epoch 301/500 validation loss
checkpoint last saved: runs/reproduced/faster_rcnn-detector512/checkpoints/last.pt
epoch=301 train_loss=0.537941 lr=0.001 selection=val_map_50_95:0.633445 best=false images=320/320 skipped=0 elapsed=3784.39s val_loss=0.522425 val_map50=0.956872 val_map50_95=0.633445
epoch 302/500 training
epoch 302/500 validation
epoch 302/500 validation loss
checkpoint last saved: runs/reproduced/faster_rcnn-detector512/checkpoints/last.pt
epoch=302 train_loss=0.508837 lr=0.001 selection=val_map_50_95:0.623420 best=false images=320/320 skipped=0 elapsed=3796.14s val_loss=0.525895 val_map50=0.957160 val_map50_95=0.623420
epoch 303/500 training
epoch 303/500 validation
epoch 303/500 validation loss
checkpoint last saved: runs/reproduced/faster_rcnn-detector512/checkpoints/last.pt
epoch=303 train_loss=0.528891 lr=0.001 selection=val_map_50_95:0.613949 best=false images=320/320 skipped=0 elapsed=3809.73s val_loss=0.531046 val_map50=0.956941 val_map50_95=0.613949
epoch 304/500 training
epoch 304/500 validation
epoch 304/500 validation loss
checkpoint last saved: runs/reproduced/faster_rcnn-detector512/checkpoints/last.pt
epoch=304 train_loss=0.528587 lr=0.001 selection=val_map_50_95:0.628407 best=false images=320/320 skipped=0 elapsed=3821.81s val_loss=0.520154 val_map50=0.947541 val_map50_95=0.628407
epoch 305/500 training
epoch 305/500 validation
epoch 305/500 validation loss
checkpoint last saved: runs/reproduced/faster_rcnn-detector512/checkpoints/last.pt
epoch=305 train_loss=0.516341 lr=0.001 selection=val_map_50_95:0.635296 best=false images=320/320 skipped=0 elapsed=3833.86s val_loss=0.510927 val_map50=0.957174 val_map50_95=0.635296
epoch 306/500 training
epoch 306/500 validation
epoch 306/500 validation loss
checkpoint last saved: runs/reproduced/faster_rcnn-detector512/checkpoints/last.pt
epoch=306 train_loss=0.549997 lr=0.001 selection=val_map_50_95:0.630002 best=false images=320/320 skipped=0 elapsed=3845.70s val_loss=0.513980 val_map50=0.956969 val_map50_95=0.630002
epoch 307/500 training
epoch 307/500 validation
epoch 307/500 validation loss
checkpoint last saved: runs/reproduced/faster_rcnn-detector512/checkpoints/last.pt
epoch=307 train_loss=0.518393 lr=0.001 selection=val_map_50_95:0.627723 best=false images=320/320 skipped=0 elapsed=3857.60s val_loss=0.520113 val_map50=0.947465 val_map50_95=0.627723
epoch 308/500 training
epoch 308/500 validation
epoch 308/500 validation loss
checkpoint last saved: runs/reproduced/faster_rcnn-detector512/checkpoints/last.pt
epoch=308 train_loss=0.530315 lr=0.001 selection=val_map_50_95:0.635681 best=false images=320/320 skipped=0 elapsed=3869.53s val_loss=0.511514 val_map50=0.956987 val_map50_95=0.635681
epoch 309/500 training
epoch 309/500 validation
epoch 309/500 validation loss
checkpoint last saved: runs/reproduced/faster_rcnn-detector512/checkpoints/last.pt
epoch=309 train_loss=0.516312 lr=0.001 selection=val_map_50_95:0.633046 best=false images=320/320 skipped=0 elapsed=3881.91s val_loss=0.518169 val_map50=0.956806 val_map50_95=0.633046
epoch 310/500 training
epoch 310/500 validation
epoch 310/500 validation loss
checkpoint last saved: runs/reproduced/faster_rcnn-detector512/checkpoints/last.pt
epoch=310 train_loss=0.532341 lr=0.001 selection=val_map_50_95:0.610416 best=false images=320/320 skipped=0 elapsed=3893.75s val_loss=0.541334 val_map50=0.957125 val_map50_95=0.610416
epoch 311/500 training
epoch 311/500 validation
epoch 311/500 validation loss
checkpoint last saved: runs/reproduced/faster_rcnn-detector512/checkpoints/last.pt
epoch=311 train_loss=0.523799 lr=0.001 selection=val_map_50_95:0.630254 best=false images=320/320 skipped=0 elapsed=3905.78s val_loss=0.519689 val_map50=0.957013 val_map50_95=0.630254
epoch 312/500 training
epoch 312/500 validation
epoch 312/500 validation loss
checkpoint last saved: runs/reproduced/faster_rcnn-detector512/checkpoints/last.pt
epoch=312 train_loss=0.517490 lr=0.001 selection=val_map_50_95:0.624590 best=false images=320/320 skipped=0 elapsed=3917.63s val_loss=0.521507 val_map50=0.957054 val_map50_95=0.624590
epoch 313/500 training
epoch 313/500 validation
epoch 313/500 validation loss
checkpoint last saved: runs/reproduced/faster_rcnn-detector512/checkpoints/last.pt
epoch=313 train_loss=0.528149 lr=0.001 selection=val_map_50_95:0.627989 best=false images=320/320 skipped=0 elapsed=3929.60s val_loss=0.506508 val_map50=0.947493 val_map50_95=0.627989
epoch 314/500 training
epoch 314/500 validation
epoch 314/500 validation loss
checkpoint last saved: runs/reproduced/faster_rcnn-detector512/checkpoints/last.pt
epoch=314 train_loss=0.522527 lr=0.001 selection=val_map_50_95:0.626334 best=false images=320/320 skipped=0 elapsed=3941.85s val_loss=0.525653 val_map50=0.947113 val_map50_95=0.626334
epoch 315/500 training
epoch 315/500 validation
epoch 315/500 validation loss
checkpoint last saved: runs/reproduced/faster_rcnn-detector512/checkpoints/last.pt
epoch=315 train_loss=0.542434 lr=0.001 selection=val_map_50_95:0.628409 best=false images=320/320 skipped=0 elapsed=3954.11s val_loss=0.518455 val_map50=0.947614 val_map50_95=0.628409
epoch 316/500 training
epoch 316/500 validation
epoch 316/500 validation loss
checkpoint last saved: runs/reproduced/faster_rcnn-detector512/checkpoints/last.pt
epoch=316 train_loss=0.536180 lr=0.001 selection=val_map_50_95:0.628226 best=false images=320/320 skipped=0 elapsed=3966.09s val_loss=0.520712 val_map50=0.956647 val_map50_95=0.628226
epoch 317/500 training
epoch 317/500 validation
epoch 317/500 validation loss
checkpoint last saved: runs/reproduced/faster_rcnn-detector512/checkpoints/last.pt
epoch=317 train_loss=0.515249 lr=0.001 selection=val_map_50_95:0.634452 best=false images=320/320 skipped=0 elapsed=3978.02s val_loss=0.523352 val_map50=0.966338 val_map50_95=0.634452
epoch 318/500 training
epoch 318/500 validation
epoch 318/500 validation loss
checkpoint last saved: runs/reproduced/faster_rcnn-detector512/checkpoints/last.pt
epoch=318 train_loss=0.508017 lr=0.001 selection=val_map_50_95:0.635237 best=false images=320/320 skipped=0 elapsed=3989.93s val_loss=0.510172 val_map50=0.957078 val_map50_95=0.635237
epoch 319/500 training
epoch 319/500 validation
epoch 319/500 validation loss
checkpoint last saved: runs/reproduced/faster_rcnn-detector512/checkpoints/last.pt
epoch=319 train_loss=0.522449 lr=0.001 selection=val_map_50_95:0.632007 best=false images=320/320 skipped=0 elapsed=4001.96s val_loss=0.523868 val_map50=0.957085 val_map50_95=0.632007
epoch 320/500 training
epoch 320/500 validation
epoch 320/500 validation loss
checkpoint last saved: runs/reproduced/faster_rcnn-detector512/checkpoints/last.pt
epoch=320 train_loss=0.526037 lr=0.001 selection=val_map_50_95:0.634013 best=false images=320/320 skipped=0 elapsed=4013.95s val_loss=0.514236 val_map50=0.957025 val_map50_95=0.634013
epoch 321/500 training
epoch 321/500 validation
epoch 321/500 validation loss
checkpoint last saved: runs/reproduced/faster_rcnn-detector512/checkpoints/last.pt
epoch=321 train_loss=0.513322 lr=0.001 selection=val_map_50_95:0.634389 best=false images=320/320 skipped=0 elapsed=4025.99s val_loss=0.512110 val_map50=0.957005 val_map50_95=0.634389
epoch 322/500 training
epoch 322/500 validation
epoch 322/500 validation loss
checkpoint last saved: runs/reproduced/faster_rcnn-detector512/checkpoints/last.pt
epoch=322 train_loss=0.501546 lr=0.001 selection=val_map_50_95:0.636307 best=false images=320/320 skipped=0 elapsed=4037.78s val_loss=0.509615 val_map50=0.957291 val_map50_95=0.636307
epoch 323/500 training
epoch 323/500 validation
epoch 323/500 validation loss
checkpoint last saved: runs/reproduced/faster_rcnn-detector512/checkpoints/last.pt
epoch=323 train_loss=0.547802 lr=0.001 selection=val_map_50_95:0.626534 best=false images=320/320 skipped=0 elapsed=4049.87s val_loss=0.516068 val_map50=0.947548 val_map50_95=0.626534
epoch 324/500 training
epoch 324/500 validation
epoch 324/500 validation loss
checkpoint last saved: runs/reproduced/faster_rcnn-detector512/checkpoints/last.pt
epoch=324 train_loss=0.534046 lr=0.001 selection=val_map_50_95:0.630990 best=false images=320/320 skipped=0 elapsed=4061.76s val_loss=0.529005 val_map50=0.956800 val_map50_95=0.630990
epoch 325/500 training
epoch 325/500 validation
epoch 325/500 validation loss
checkpoint last saved: runs/reproduced/faster_rcnn-detector512/checkpoints/last.pt
epoch=325 train_loss=0.539083 lr=0.001 selection=val_map_50_95:0.598574 best=false images=320/320 skipped=0 elapsed=4073.79s val_loss=0.543150 val_map50=0.956994 val_map50_95=0.598574
epoch 326/500 training
epoch 326/500 validation
epoch 326/500 validation loss
checkpoint last saved: runs/reproduced/faster_rcnn-detector512/checkpoints/last.pt
epoch=326 train_loss=0.528817 lr=0.001 selection=val_map_50_95:0.618923 best=false images=320/320 skipped=0 elapsed=4085.53s val_loss=0.536647 val_map50=0.956929 val_map50_95=0.618923
epoch 327/500 training
epoch 327/500 validation
epoch 327/500 validation loss
checkpoint last saved: runs/reproduced/faster_rcnn-detector512/checkpoints/last.pt
checkpoint best updated: epoch 327 metric=0.639933
epoch=327 train_loss=0.508250 lr=0.001 selection=val_map_50_95:0.639933 best=true images=320/320 skipped=0 elapsed=4098.80s val_loss=0.524253 val_map50=0.966464 val_map50_95=0.639933
epoch 328/500 training
epoch 328/500 validation
epoch 328/500 validation loss
checkpoint last saved: runs/reproduced/faster_rcnn-detector512/checkpoints/last.pt
epoch=328 train_loss=0.521332 lr=0.001 selection=val_map_50_95:0.614521 best=false images=320/320 skipped=0 elapsed=4110.72s val_loss=0.539671 val_map50=0.966546 val_map50_95=0.614521
epoch 329/500 training
epoch 329/500 validation
epoch 329/500 validation loss
checkpoint last saved: runs/reproduced/faster_rcnn-detector512/checkpoints/last.pt
epoch=329 train_loss=0.521475 lr=0.001 selection=val_map_50_95:0.603126 best=false images=320/320 skipped=0 elapsed=4122.69s val_loss=0.550971 val_map50=0.966039 val_map50_95=0.603126
epoch 330/500 training
epoch 330/500 validation
epoch 330/500 validation loss
checkpoint last saved: runs/reproduced/faster_rcnn-detector512/checkpoints/last.pt
epoch=330 train_loss=0.522928 lr=0.001 selection=val_map_50_95:0.624679 best=false images=320/320 skipped=0 elapsed=4134.73s val_loss=0.522013 val_map50=0.956930 val_map50_95=0.624679
epoch 331/500 training
epoch 331/500 validation
epoch 331/500 validation loss
checkpoint last saved: runs/reproduced/faster_rcnn-detector512/checkpoints/last.pt
epoch=331 train_loss=0.504142 lr=0.001 selection=val_map_50_95:0.619491 best=false images=320/320 skipped=0 elapsed=4146.67s val_loss=0.528663 val_map50=0.956900 val_map50_95=0.619491
epoch 332/500 training
epoch 332/500 validation
epoch 332/500 validation loss
checkpoint last saved: runs/reproduced/faster_rcnn-detector512/checkpoints/last.pt
epoch=332 train_loss=0.520312 lr=0.001 selection=val_map_50_95:0.618119 best=false images=320/320 skipped=0 elapsed=4158.88s val_loss=0.535539 val_map50=0.966210 val_map50_95=0.618119
epoch 333/500 training
epoch 333/500 validation
epoch 333/500 validation loss
checkpoint last saved: runs/reproduced/faster_rcnn-detector512/checkpoints/last.pt
epoch=333 train_loss=0.525869 lr=0.001 selection=val_map_50_95:0.608233 best=false images=320/320 skipped=0 elapsed=4170.83s val_loss=0.541292 val_map50=0.966301 val_map50_95=0.608233
epoch 334/500 training
epoch 334/500 validation
epoch 334/500 validation loss
checkpoint last saved: runs/reproduced/faster_rcnn-detector512/checkpoints/last.pt
epoch=334 train_loss=0.529873 lr=0.001 selection=val_map_50_95:0.633608 best=false images=320/320 skipped=0 elapsed=4182.84s val_loss=0.514532 val_map50=0.957075 val_map50_95=0.633608
epoch 335/500 training
epoch 335/500 validation
epoch 335/500 validation loss
checkpoint last saved: runs/reproduced/faster_rcnn-detector512/checkpoints/last.pt
epoch=335 train_loss=0.537545 lr=0.001 selection=val_map_50_95:0.622397 best=false images=320/320 skipped=0 elapsed=4194.81s val_loss=0.522729 val_map50=0.947058 val_map50_95=0.622397
epoch 336/500 training
epoch 336/500 validation
epoch 336/500 validation loss
checkpoint last saved: runs/reproduced/faster_rcnn-detector512/checkpoints/last.pt
epoch=336 train_loss=0.516340 lr=0.001 selection=val_map_50_95:0.624651 best=false images=320/320 skipped=0 elapsed=4206.74s val_loss=0.521344 val_map50=0.956810 val_map50_95=0.624651
epoch 337/500 training
epoch 337/500 validation
epoch 337/500 validation loss
checkpoint last saved: runs/reproduced/faster_rcnn-detector512/checkpoints/last.pt
epoch=337 train_loss=0.538711 lr=0.001 selection=val_map_50_95:0.624506 best=false images=320/320 skipped=0 elapsed=4218.70s val_loss=0.515502 val_map50=0.956964 val_map50_95=0.624506
epoch 338/500 training
epoch 338/500 validation
epoch 338/500 validation loss
checkpoint last saved: runs/reproduced/faster_rcnn-detector512/checkpoints/last.pt
epoch=338 train_loss=0.505047 lr=0.001 selection=val_map_50_95:0.633942 best=false images=320/320 skipped=0 elapsed=4230.73s val_loss=0.512405 val_map50=0.956911 val_map50_95=0.633942
epoch 339/500 training
epoch 339/500 validation
epoch 339/500 validation loss
checkpoint last saved: runs/reproduced/faster_rcnn-detector512/checkpoints/last.pt
epoch=339 train_loss=0.507400 lr=0.001 selection=val_map_50_95:0.628943 best=false images=320/320 skipped=0 elapsed=4242.83s val_loss=0.511242 val_map50=0.956930 val_map50_95=0.628943
epoch 340/500 training
epoch 340/500 validation
epoch 340/500 validation loss
checkpoint last saved: runs/reproduced/faster_rcnn-detector512/checkpoints/last.pt
epoch=340 train_loss=0.500125 lr=0.001 selection=val_map_50_95:0.624737 best=false images=320/320 skipped=0 elapsed=4254.76s val_loss=0.523505 val_map50=0.956865 val_map50_95=0.624737
epoch 341/500 training
epoch 341/500 validation
epoch 341/500 validation loss
checkpoint last saved: runs/reproduced/faster_rcnn-detector512/checkpoints/last.pt
epoch=341 train_loss=0.524131 lr=0.001 selection=val_map_50_95:0.631096 best=false images=320/320 skipped=0 elapsed=4266.92s val_loss=0.522263 val_map50=0.966307 val_map50_95=0.631096
epoch 342/500 training
epoch 342/500 validation
epoch 342/500 validation loss
checkpoint last saved: runs/reproduced/faster_rcnn-detector512/checkpoints/last.pt
epoch=342 train_loss=0.517410 lr=0.001 selection=val_map_50_95:0.632845 best=false images=320/320 skipped=0 elapsed=4278.92s val_loss=0.513523 val_map50=0.956644 val_map50_95=0.632845
epoch 343/500 training
epoch 343/500 validation
epoch 343/500 validation loss
checkpoint last saved: runs/reproduced/faster_rcnn-detector512/checkpoints/last.pt
epoch=343 train_loss=0.515765 lr=0.001 selection=val_map_50_95:0.631441 best=false images=320/320 skipped=0 elapsed=4290.93s val_loss=0.527542 val_map50=0.966164 val_map50_95=0.631441
epoch 344/500 training
epoch 344/500 validation
epoch 344/500 validation loss
checkpoint last saved: runs/reproduced/faster_rcnn-detector512/checkpoints/last.pt
epoch=344 train_loss=0.511480 lr=0.001 selection=val_map_50_95:0.628157 best=false images=320/320 skipped=0 elapsed=4302.86s val_loss=0.520907 val_map50=0.957003 val_map50_95=0.628157
epoch 345/500 training
epoch 345/500 validation
epoch 345/500 validation loss
checkpoint last saved: runs/reproduced/faster_rcnn-detector512/checkpoints/last.pt
epoch=345 train_loss=0.514076 lr=0.001 selection=val_map_50_95:0.627355 best=false images=320/320 skipped=0 elapsed=4315.48s val_loss=0.521643 val_map50=0.947345 val_map50_95=0.627355
epoch 346/500 training
epoch 346/500 validation
epoch 346/500 validation loss
checkpoint last saved: runs/reproduced/faster_rcnn-detector512/checkpoints/last.pt
epoch=346 train_loss=0.524962 lr=0.001 selection=val_map_50_95:0.637376 best=false images=320/320 skipped=0 elapsed=4327.55s val_loss=0.520479 val_map50=0.957037 val_map50_95=0.637376
epoch 347/500 training
epoch 347/500 validation
epoch 347/500 validation loss
checkpoint last saved: runs/reproduced/faster_rcnn-detector512/checkpoints/last.pt
epoch=347 train_loss=0.527587 lr=0.001 selection=val_map_50_95:0.627738 best=false images=320/320 skipped=0 elapsed=4339.70s val_loss=0.515285 val_map50=0.956748 val_map50_95=0.627738
epoch 348/500 training
epoch 348/500 validation
epoch 348/500 validation loss
checkpoint last saved: runs/reproduced/faster_rcnn-detector512/checkpoints/last.pt
epoch=348 train_loss=0.507273 lr=0.001 selection=val_map_50_95:0.630363 best=false images=320/320 skipped=0 elapsed=4351.58s val_loss=0.518380 val_map50=0.956991 val_map50_95=0.630363
epoch 349/500 training
epoch 349/500 validation
epoch 349/500 validation loss
checkpoint last saved: runs/reproduced/faster_rcnn-detector512/checkpoints/last.pt
epoch=349 train_loss=0.512786 lr=0.001 selection=val_map_50_95:0.633518 best=false images=320/320 skipped=0 elapsed=4363.49s val_loss=0.515392 val_map50=0.957209 val_map50_95=0.633518
epoch 350/500 training
epoch 350/500 validation
epoch 350/500 validation loss
checkpoint last saved: runs/reproduced/faster_rcnn-detector512/checkpoints/last.pt
epoch=350 train_loss=0.509800 lr=0.001 selection=val_map_50_95:0.638685 best=false images=320/320 skipped=0 elapsed=4375.47s val_loss=0.517047 val_map50=0.956616 val_map50_95=0.638685
epoch 351/500 training
epoch 351/500 validation
epoch 351/500 validation loss
checkpoint last saved: runs/reproduced/faster_rcnn-detector512/checkpoints/last.pt
epoch=351 train_loss=0.529565 lr=0.001 selection=val_map_50_95:0.632056 best=false images=320/320 skipped=0 elapsed=4393.78s val_loss=0.503391 val_map50=0.947412 val_map50_95=0.632056
epoch 352/500 training
epoch 352/500 validation
epoch 352/500 validation loss
checkpoint last saved: runs/reproduced/faster_rcnn-detector512/checkpoints/last.pt
epoch=352 train_loss=0.516649 lr=0.001 selection=val_map_50_95:0.632808 best=false images=320/320 skipped=0 elapsed=4405.81s val_loss=0.515873 val_map50=0.956993 val_map50_95=0.632808
epoch 353/500 training
epoch 353/500 validation
epoch 353/500 validation loss
checkpoint last saved: runs/reproduced/faster_rcnn-detector512/checkpoints/last.pt
epoch=353 train_loss=0.513552 lr=0.001 selection=val_map_50_95:0.637850 best=false images=320/320 skipped=0 elapsed=4417.73s val_loss=0.508479 val_map50=0.956904 val_map50_95=0.637850
epoch 354/500 training
epoch 354/500 validation
epoch 354/500 validation loss
checkpoint last saved: runs/reproduced/faster_rcnn-detector512/checkpoints/last.pt
epoch=354 train_loss=0.523406 lr=0.001 selection=val_map_50_95:0.633177 best=false images=320/320 skipped=0 elapsed=4429.60s val_loss=0.518133 val_map50=0.947331 val_map50_95=0.633177
epoch 355/500 training
epoch 355/500 validation
epoch 355/500 validation loss
checkpoint last saved: runs/reproduced/faster_rcnn-detector512/checkpoints/last.pt
epoch=355 train_loss=0.532641 lr=0.001 selection=val_map_50_95:0.631233 best=false images=320/320 skipped=0 elapsed=4441.31s val_loss=0.513681 val_map50=0.947284 val_map50_95=0.631233
epoch 356/500 training
epoch 356/500 validation
epoch 356/500 validation loss
checkpoint last saved: runs/reproduced/faster_rcnn-detector512/checkpoints/last.pt
epoch=356 train_loss=0.518605 lr=0.001 selection=val_map_50_95:0.608223 best=false images=320/320 skipped=0 elapsed=4453.53s val_loss=0.541771 val_map50=0.957061 val_map50_95=0.608223
epoch 357/500 training
epoch 357/500 validation
epoch 357/500 validation loss
checkpoint last saved: runs/reproduced/faster_rcnn-detector512/checkpoints/last.pt
epoch=357 train_loss=0.491597 lr=0.001 selection=val_map_50_95:0.626067 best=false images=320/320 skipped=0 elapsed=4465.61s val_loss=0.515059 val_map50=0.956953 val_map50_95=0.626067
epoch 358/500 training
epoch 358/500 validation
epoch 358/500 validation loss
checkpoint last saved: runs/reproduced/faster_rcnn-detector512/checkpoints/last.pt
epoch=358 train_loss=0.512262 lr=0.001 selection=val_map_50_95:0.609196 best=false images=320/320 skipped=0 elapsed=4477.69s val_loss=0.534405 val_map50=0.966310 val_map50_95=0.609196
epoch 359/500 training
epoch 359/500 validation
epoch 359/500 validation loss
checkpoint last saved: runs/reproduced/faster_rcnn-detector512/checkpoints/last.pt
epoch=359 train_loss=0.525035 lr=0.001 selection=val_map_50_95:0.622757 best=false images=320/320 skipped=0 elapsed=4489.57s val_loss=0.524766 val_map50=0.956928 val_map50_95=0.622757
epoch 360/500 training
epoch 360/500 validation
epoch 360/500 validation loss
checkpoint last saved: runs/reproduced/faster_rcnn-detector512/checkpoints/last.pt
epoch=360 train_loss=0.515639 lr=0.001 selection=val_map_50_95:0.622014 best=false images=320/320 skipped=0 elapsed=4501.34s val_loss=0.521355 val_map50=0.937952 val_map50_95=0.622014
epoch 361/500 training
epoch 361/500 validation
epoch 361/500 validation loss
checkpoint last saved: runs/reproduced/faster_rcnn-detector512/checkpoints/last.pt
epoch=361 train_loss=0.513522 lr=0.001 selection=val_map_50_95:0.633237 best=false images=320/320 skipped=0 elapsed=4513.41s val_loss=0.518612 val_map50=0.957013 val_map50_95=0.633237
epoch 362/500 training
epoch 362/500 validation
epoch 362/500 validation loss
checkpoint last saved: runs/reproduced/faster_rcnn-detector512/checkpoints/last.pt
epoch=362 train_loss=0.507986 lr=0.001 selection=val_map_50_95:0.635696 best=false images=320/320 skipped=0 elapsed=4525.86s val_loss=0.513285 val_map50=0.957015 val_map50_95=0.635696
epoch 363/500 training
epoch 363/500 validation
epoch 363/500 validation loss
checkpoint last saved: runs/reproduced/faster_rcnn-detector512/checkpoints/last.pt
epoch=363 train_loss=0.525268 lr=0.001 selection=val_map_50_95:0.637093 best=false images=320/320 skipped=0 elapsed=4537.91s val_loss=0.520984 val_map50=0.947411 val_map50_95=0.637093
epoch 364/500 training
epoch 364/500 validation
epoch 364/500 validation loss
checkpoint last saved: runs/reproduced/faster_rcnn-detector512/checkpoints/last.pt
epoch=364 train_loss=0.523987 lr=0.001 selection=val_map_50_95:0.635102 best=false images=320/320 skipped=0 elapsed=4549.81s val_loss=0.504715 val_map50=0.956703 val_map50_95=0.635102
epoch 365/500 training
epoch 365/500 validation
epoch 365/500 validation loss
checkpoint last saved: runs/reproduced/faster_rcnn-detector512/checkpoints/last.pt
epoch=365 train_loss=0.505385 lr=0.001 selection=val_map_50_95:0.634535 best=false images=320/320 skipped=0 elapsed=4561.72s val_loss=0.516590 val_map50=0.956956 val_map50_95=0.634535
epoch 366/500 training
epoch 366/500 validation
epoch 366/500 validation loss
checkpoint last saved: runs/reproduced/faster_rcnn-detector512/checkpoints/last.pt
epoch=366 train_loss=0.537961 lr=0.001 selection=val_map_50_95:0.619813 best=false images=320/320 skipped=0 elapsed=4573.65s val_loss=0.522535 val_map50=0.947336 val_map50_95=0.619813
epoch 367/500 training
epoch 367/500 validation
epoch 367/500 validation loss
checkpoint last saved: runs/reproduced/faster_rcnn-detector512/checkpoints/last.pt
epoch=367 train_loss=0.517777 lr=0.001 selection=val_map_50_95:0.635846 best=false images=320/320 skipped=0 elapsed=4585.65s val_loss=0.516579 val_map50=0.947164 val_map50_95=0.635846
epoch 368/500 training
epoch 368/500 validation
epoch 368/500 validation loss
checkpoint last saved: runs/reproduced/faster_rcnn-detector512/checkpoints/last.pt
epoch=368 train_loss=0.514941 lr=0.001 selection=val_map_50_95:0.628930 best=false images=320/320 skipped=0 elapsed=4597.55s val_loss=0.514481 val_map50=0.957307 val_map50_95=0.628930
epoch 369/500 training
epoch 369/500 validation
epoch 369/500 validation loss
checkpoint last saved: runs/reproduced/faster_rcnn-detector512/checkpoints/last.pt
epoch=369 train_loss=0.505634 lr=0.001 selection=val_map_50_95:0.616985 best=false images=320/320 skipped=0 elapsed=4609.51s val_loss=0.533434 val_map50=0.956878 val_map50_95=0.616985
epoch 370/500 training
epoch 370/500 validation
epoch 370/500 validation loss
checkpoint last saved: runs/reproduced/faster_rcnn-detector512/checkpoints/last.pt
epoch=370 train_loss=0.499440 lr=0.001 selection=val_map_50_95:0.625470 best=false images=320/320 skipped=0 elapsed=4621.39s val_loss=0.520734 val_map50=0.947545 val_map50_95=0.625470
epoch 371/500 training
epoch 371/500 validation
epoch 371/500 validation loss
checkpoint last saved: runs/reproduced/faster_rcnn-detector512/checkpoints/last.pt
epoch=371 train_loss=0.493684 lr=0.001 selection=val_map_50_95:0.627712 best=false images=320/320 skipped=0 elapsed=4633.30s val_loss=0.522937 val_map50=0.966305 val_map50_95=0.627712
epoch 372/500 training
epoch 372/500 validation
epoch 372/500 validation loss
checkpoint last saved: runs/reproduced/faster_rcnn-detector512/checkpoints/last.pt
epoch=372 train_loss=0.505106 lr=0.001 selection=val_map_50_95:0.619442 best=false images=320/320 skipped=0 elapsed=4645.41s val_loss=0.532749 val_map50=0.966830 val_map50_95=0.619442
epoch 373/500 training
epoch 373/500 validation
epoch 373/500 validation loss
checkpoint last saved: runs/reproduced/faster_rcnn-detector512/checkpoints/last.pt
epoch=373 train_loss=0.521643 lr=0.001 selection=val_map_50_95:0.617649 best=false images=320/320 skipped=0 elapsed=4657.56s val_loss=0.529673 val_map50=0.956967 val_map50_95=0.617649
epoch 374/500 training
epoch 374/500 validation
epoch 374/500 validation loss
checkpoint last saved: runs/reproduced/faster_rcnn-detector512/checkpoints/last.pt
epoch=374 train_loss=0.517022 lr=0.001 selection=val_map_50_95:0.621963 best=false images=320/320 skipped=0 elapsed=4669.56s val_loss=0.529814 val_map50=0.966573 val_map50_95=0.621963
epoch 375/500 training
epoch 375/500 validation
epoch 375/500 validation loss
checkpoint last saved: runs/reproduced/faster_rcnn-detector512/checkpoints/last.pt
epoch=375 train_loss=0.507742 lr=0.001 selection=val_map_50_95:0.635058 best=false images=320/320 skipped=0 elapsed=4681.61s val_loss=0.515429 val_map50=0.966534 val_map50_95=0.635058
epoch 376/500 training
epoch 376/500 validation
epoch 376/500 validation loss
checkpoint last saved: runs/reproduced/faster_rcnn-detector512/checkpoints/last.pt
epoch=376 train_loss=0.503696 lr=0.001 selection=val_map_50_95:0.633519 best=false images=320/320 skipped=0 elapsed=4693.44s val_loss=0.503604 val_map50=0.956947 val_map50_95=0.633519
epoch 377/500 training
epoch 377/500 validation
epoch 377/500 validation loss
checkpoint last saved: runs/reproduced/faster_rcnn-detector512/checkpoints/last.pt
epoch=377 train_loss=0.532424 lr=0.001 selection=val_map_50_95:0.632773 best=false images=320/320 skipped=0 elapsed=4705.34s val_loss=0.507249 val_map50=0.947267 val_map50_95=0.632773
epoch 378/500 training
epoch 378/500 validation
epoch 378/500 validation loss
checkpoint last saved: runs/reproduced/faster_rcnn-detector512/checkpoints/last.pt
epoch=378 train_loss=0.499263 lr=0.001 selection=val_map_50_95:0.626382 best=false images=320/320 skipped=0 elapsed=4717.20s val_loss=0.518765 val_map50=0.965916 val_map50_95=0.626382
epoch 379/500 training
epoch 379/500 validation
epoch 379/500 validation loss
checkpoint last saved: runs/reproduced/faster_rcnn-detector512/checkpoints/last.pt
epoch=379 train_loss=0.500585 lr=0.001 selection=val_map_50_95:0.629431 best=false images=320/320 skipped=0 elapsed=4731.90s val_loss=0.516597 val_map50=0.956672 val_map50_95=0.629431
epoch 380/500 training
epoch 380/500 validation
epoch 380/500 validation loss
checkpoint last saved: runs/reproduced/faster_rcnn-detector512/checkpoints/last.pt
epoch=380 train_loss=0.500504 lr=0.001 selection=val_map_50_95:0.632125 best=false images=320/320 skipped=0 elapsed=4743.87s val_loss=0.519903 val_map50=0.956957 val_map50_95=0.632125
epoch 381/500 training
epoch 381/500 validation
epoch 381/500 validation loss
checkpoint last saved: runs/reproduced/faster_rcnn-detector512/checkpoints/last.pt
epoch=381 train_loss=0.495653 lr=0.001 selection=val_map_50_95:0.637819 best=false images=320/320 skipped=0 elapsed=4758.75s val_loss=0.502618 val_map50=0.956934 val_map50_95=0.637819
epoch 382/500 training
epoch 382/500 validation
epoch 382/500 validation loss
checkpoint last saved: runs/reproduced/faster_rcnn-detector512/checkpoints/last.pt
epoch=382 train_loss=0.495839 lr=0.001 selection=val_map_50_95:0.635290 best=false images=320/320 skipped=0 elapsed=4770.86s val_loss=0.516374 val_map50=0.956865 val_map50_95=0.635290
epoch 383/500 training
epoch 383/500 validation
epoch 383/500 validation loss
checkpoint last saved: runs/reproduced/faster_rcnn-detector512/checkpoints/last.pt
epoch=383 train_loss=0.532746 lr=0.001 selection=val_map_50_95:0.636712 best=false images=320/320 skipped=0 elapsed=4782.76s val_loss=0.509984 val_map50=0.956667 val_map50_95=0.636712
epoch 384/500 training
epoch 384/500 validation
epoch 384/500 validation loss
checkpoint last saved: runs/reproduced/faster_rcnn-detector512/checkpoints/last.pt
epoch=384 train_loss=0.515029 lr=0.001 selection=val_map_50_95:0.636362 best=false images=320/320 skipped=0 elapsed=4794.75s val_loss=0.510410 val_map50=0.957183 val_map50_95=0.636362
epoch 385/500 training
epoch 385/500 validation
epoch 385/500 validation loss
checkpoint last saved: runs/reproduced/faster_rcnn-detector512/checkpoints/last.pt
epoch=385 train_loss=0.507429 lr=0.001 selection=val_map_50_95:0.636373 best=false images=320/320 skipped=0 elapsed=4806.75s val_loss=0.510516 val_map50=0.956969 val_map50_95=0.636373
epoch 386/500 training
epoch 386/500 validation
epoch 386/500 validation loss
checkpoint last saved: runs/reproduced/faster_rcnn-detector512/checkpoints/last.pt
epoch=386 train_loss=0.494925 lr=0.001 selection=val_map_50_95:0.639093 best=false images=320/320 skipped=0 elapsed=4818.85s val_loss=0.511889 val_map50=0.956816 val_map50_95=0.639093
epoch 387/500 training
epoch 387/500 validation
epoch 387/500 validation loss
checkpoint last saved: runs/reproduced/faster_rcnn-detector512/checkpoints/last.pt
epoch=387 train_loss=0.512473 lr=0.001 selection=val_map_50_95:0.637793 best=false images=320/320 skipped=0 elapsed=4830.90s val_loss=0.509971 val_map50=0.947784 val_map50_95=0.637793
epoch 388/500 training
epoch 388/500 validation
epoch 388/500 validation loss
checkpoint last saved: runs/reproduced/faster_rcnn-detector512/checkpoints/last.pt
epoch=388 train_loss=0.505738 lr=0.001 selection=val_map_50_95:0.639176 best=false images=320/320 skipped=0 elapsed=4842.72s val_loss=0.500704 val_map50=0.957252 val_map50_95=0.639176
epoch 389/500 training
epoch 389/500 validation
epoch 389/500 validation loss
checkpoint last saved: runs/reproduced/faster_rcnn-detector512/checkpoints/last.pt
epoch=389 train_loss=0.513010 lr=0.001 selection=val_map_50_95:0.584352 best=false images=320/320 skipped=0 elapsed=4854.75s val_loss=0.548595 val_map50=0.965990 val_map50_95=0.584352
epoch 390/500 training
epoch 390/500 validation
epoch 390/500 validation loss
checkpoint last saved: runs/reproduced/faster_rcnn-detector512/checkpoints/last.pt
epoch=390 train_loss=0.501990 lr=0.001 selection=val_map_50_95:0.621159 best=false images=320/320 skipped=0 elapsed=4866.77s val_loss=0.527581 val_map50=0.956907 val_map50_95=0.621159
epoch 391/500 training
epoch 391/500 validation
epoch 391/500 validation loss
checkpoint last saved: runs/reproduced/faster_rcnn-detector512/checkpoints/last.pt
epoch=391 train_loss=0.498383 lr=0.001 selection=val_map_50_95:0.630388 best=false images=320/320 skipped=0 elapsed=4879.23s val_loss=0.516474 val_map50=0.956855 val_map50_95=0.630388
epoch 392/500 training
epoch 392/500 validation
epoch 392/500 validation loss
checkpoint last saved: runs/reproduced/faster_rcnn-detector512/checkpoints/last.pt
epoch=392 train_loss=0.497248 lr=0.001 selection=val_map_50_95:0.635232 best=false images=320/320 skipped=0 elapsed=4891.31s val_loss=0.526033 val_map50=0.957011 val_map50_95=0.635232
epoch 393/500 training
epoch 393/500 validation
epoch 393/500 validation loss
checkpoint last saved: runs/reproduced/faster_rcnn-detector512/checkpoints/last.pt
epoch=393 train_loss=0.469036 lr=0.001 selection=val_map_50_95:0.622060 best=false images=320/320 skipped=0 elapsed=4903.21s val_loss=0.525897 val_map50=0.956877 val_map50_95=0.622060
epoch 394/500 training
epoch 394/500 validation
epoch 394/500 validation loss
checkpoint last saved: runs/reproduced/faster_rcnn-detector512/checkpoints/last.pt
epoch=394 train_loss=0.510534 lr=0.001 selection=val_map_50_95:0.631396 best=false images=320/320 skipped=0 elapsed=4915.06s val_loss=0.505725 val_map50=0.956703 val_map50_95=0.631396
epoch 395/500 training
epoch 395/500 validation
epoch 395/500 validation loss
checkpoint last saved: runs/reproduced/faster_rcnn-detector512/checkpoints/last.pt
epoch=395 train_loss=0.494428 lr=0.001 selection=val_map_50_95:0.635377 best=false images=320/320 skipped=0 elapsed=4927.01s val_loss=0.518954 val_map50=0.947134 val_map50_95=0.635377
epoch 396/500 training
epoch 396/500 validation
epoch 396/500 validation loss
checkpoint last saved: runs/reproduced/faster_rcnn-detector512/checkpoints/last.pt
epoch=396 train_loss=0.489125 lr=0.001 selection=val_map_50_95:0.633641 best=false images=320/320 skipped=0 elapsed=4938.96s val_loss=0.523095 val_map50=0.947449 val_map50_95=0.633641
epoch 397/500 training
epoch 397/500 validation
epoch 397/500 validation loss
checkpoint last saved: runs/reproduced/faster_rcnn-detector512/checkpoints/last.pt
epoch=397 train_loss=0.487183 lr=0.001 selection=val_map_50_95:0.624088 best=false images=320/320 skipped=0 elapsed=4953.84s val_loss=0.523815 val_map50=0.956894 val_map50_95=0.624088
epoch 398/500 training
epoch 398/500 validation
epoch 398/500 validation loss
checkpoint last saved: runs/reproduced/faster_rcnn-detector512/checkpoints/last.pt
epoch=398 train_loss=0.498890 lr=0.001 selection=val_map_50_95:0.637028 best=false images=320/320 skipped=0 elapsed=4966.03s val_loss=0.518768 val_map50=0.966479 val_map50_95=0.637028
epoch 399/500 training
epoch 399/500 validation
epoch 399/500 validation loss
checkpoint last saved: runs/reproduced/faster_rcnn-detector512/checkpoints/last.pt
epoch=399 train_loss=0.498983 lr=0.001 selection=val_map_50_95:0.635902 best=false images=320/320 skipped=0 elapsed=4978.02s val_loss=0.512507 val_map50=0.956903 val_map50_95=0.635902
epoch 400/500 training
epoch 400/500 validation
epoch 400/500 validation loss
checkpoint last saved: runs/reproduced/faster_rcnn-detector512/checkpoints/last.pt
epoch=400 train_loss=0.477444 lr=0.001 selection=val_map_50_95:0.637184 best=false images=320/320 skipped=0 elapsed=4990.12s val_loss=0.515134 val_map50=0.956677 val_map50_95=0.637184
epoch 401/500 training
epoch 401/500 validation
epoch 401/500 validation loss
checkpoint last saved: runs/reproduced/faster_rcnn-detector512/checkpoints/last.pt
epoch=401 train_loss=0.490999 lr=0.001 selection=val_map_50_95:0.635937 best=false images=320/320 skipped=0 elapsed=5002.07s val_loss=0.505855 val_map50=0.947346 val_map50_95=0.635937
epoch 402/500 training
epoch 402/500 validation
epoch 402/500 validation loss
checkpoint last saved: runs/reproduced/faster_rcnn-detector512/checkpoints/last.pt
epoch=402 train_loss=0.507311 lr=0.001 selection=val_map_50_95:0.634476 best=false images=320/320 skipped=0 elapsed=5014.12s val_loss=0.526462 val_map50=0.966607 val_map50_95=0.634476
epoch 403/500 training
epoch 403/500 validation
epoch 403/500 validation loss
checkpoint last saved: runs/reproduced/faster_rcnn-detector512/checkpoints/last.pt
epoch=403 train_loss=0.510237 lr=0.001 selection=val_map_50_95:0.626518 best=false images=320/320 skipped=0 elapsed=5026.29s val_loss=0.521260 val_map50=0.957251 val_map50_95=0.626518
epoch 404/500 training
epoch 404/500 validation
epoch 404/500 validation loss
checkpoint last saved: runs/reproduced/faster_rcnn-detector512/checkpoints/last.pt
epoch=404 train_loss=0.484245 lr=0.001 selection=val_map_50_95:0.622798 best=false images=320/320 skipped=0 elapsed=5038.35s val_loss=0.528217 val_map50=0.956630 val_map50_95=0.622798
epoch 405/500 training
epoch 405/500 validation
epoch 405/500 validation loss
checkpoint last saved: runs/reproduced/faster_rcnn-detector512/checkpoints/last.pt
checkpoint best updated: epoch 405 metric=0.640242
epoch=405 train_loss=0.501439 lr=0.001 selection=val_map_50_95:0.640242 best=true images=320/320 skipped=0 elapsed=5051.41s val_loss=0.506370 val_map50=0.956990 val_map50_95=0.640242
epoch 406/500 training
epoch 406/500 validation
epoch 406/500 validation loss
checkpoint last saved: runs/reproduced/faster_rcnn-detector512/checkpoints/last.pt
epoch=406 train_loss=0.484877 lr=0.001 selection=val_map_50_95:0.635230 best=false images=320/320 skipped=0 elapsed=5063.30s val_loss=0.517134 val_map50=0.957070 val_map50_95=0.635230
epoch 407/500 training
epoch 407/500 validation
epoch 407/500 validation loss
checkpoint last saved: runs/reproduced/faster_rcnn-detector512/checkpoints/last.pt
epoch=407 train_loss=0.503392 lr=0.001 selection=val_map_50_95:0.633509 best=false images=320/320 skipped=0 elapsed=5075.35s val_loss=0.509090 val_map50=0.947707 val_map50_95=0.633509
epoch 408/500 training
epoch 408/500 validation
epoch 408/500 validation loss
checkpoint last saved: runs/reproduced/faster_rcnn-detector512/checkpoints/last.pt
epoch=408 train_loss=0.484368 lr=0.001 selection=val_map_50_95:0.635492 best=false images=320/320 skipped=0 elapsed=5087.89s val_loss=0.507078 val_map50=0.957027 val_map50_95=0.635492
epoch 409/500 training
epoch 409/500 validation
epoch 409/500 validation loss
checkpoint last saved: runs/reproduced/faster_rcnn-detector512/checkpoints/last.pt
epoch=409 train_loss=0.494946 lr=0.001 selection=val_map_50_95:0.623492 best=false images=320/320 skipped=0 elapsed=5100.14s val_loss=0.525043 val_map50=0.956758 val_map50_95=0.623492
epoch 410/500 training
epoch 410/500 validation
epoch 410/500 validation loss
checkpoint last saved: runs/reproduced/faster_rcnn-detector512/checkpoints/last.pt
epoch=410 train_loss=0.491287 lr=0.001 selection=val_map_50_95:0.636376 best=false images=320/320 skipped=0 elapsed=5112.87s val_loss=0.503805 val_map50=0.947008 val_map50_95=0.636376
epoch 411/500 training
epoch 411/500 validation
epoch 411/500 validation loss
checkpoint last saved: runs/reproduced/faster_rcnn-detector512/checkpoints/last.pt
epoch=411 train_loss=0.485736 lr=0.001 selection=val_map_50_95:0.636014 best=false images=320/320 skipped=0 elapsed=5124.94s val_loss=0.515051 val_map50=0.966141 val_map50_95=0.636014
epoch 412/500 training
epoch 412/500 validation
epoch 412/500 validation loss
checkpoint last saved: runs/reproduced/faster_rcnn-detector512/checkpoints/last.pt
epoch=412 train_loss=0.485717 lr=0.001 selection=val_map_50_95:0.639860 best=false images=320/320 skipped=0 elapsed=5137.88s val_loss=0.514338 val_map50=0.956766 val_map50_95=0.639860
epoch 413/500 training
epoch 413/500 validation
epoch 413/500 validation loss
checkpoint last saved: runs/reproduced/faster_rcnn-detector512/checkpoints/last.pt
epoch=413 train_loss=0.483683 lr=0.001 selection=val_map_50_95:0.628721 best=false images=320/320 skipped=0 elapsed=5151.21s val_loss=0.511536 val_map50=0.956654 val_map50_95=0.628721
epoch 414/500 training
epoch 414/500 validation
epoch 414/500 validation loss
checkpoint last saved: runs/reproduced/faster_rcnn-detector512/checkpoints/last.pt
epoch=414 train_loss=0.483476 lr=0.001 selection=val_map_50_95:0.639554 best=false images=320/320 skipped=0 elapsed=5163.29s val_loss=0.505194 val_map50=0.956962 val_map50_95=0.639554
epoch 415/500 training
epoch 415/500 validation
epoch 415/500 validation loss
checkpoint last saved: runs/reproduced/faster_rcnn-detector512/checkpoints/last.pt
epoch=415 train_loss=0.482475 lr=0.001 selection=val_map_50_95:0.620534 best=false images=320/320 skipped=0 elapsed=5175.26s val_loss=0.535185 val_map50=0.966055 val_map50_95=0.620534
epoch 416/500 training
epoch 416/500 validation
epoch 416/500 validation loss
checkpoint last saved: runs/reproduced/faster_rcnn-detector512/checkpoints/last.pt
epoch=416 train_loss=0.504183 lr=0.001 selection=val_map_50_95:0.625910 best=false images=320/320 skipped=0 elapsed=5187.86s val_loss=0.535426 val_map50=0.956713 val_map50_95=0.625910
epoch 417/500 training
epoch 417/500 validation
epoch 417/500 validation loss
checkpoint last saved: runs/reproduced/faster_rcnn-detector512/checkpoints/last.pt
epoch=417 train_loss=0.510809 lr=0.001 selection=val_map_50_95:0.593221 best=false images=320/320 skipped=0 elapsed=5200.10s val_loss=0.574911 val_map50=0.966561 val_map50_95=0.593221
epoch 418/500 training
epoch 418/500 validation
epoch 418/500 validation loss
checkpoint last saved: runs/reproduced/faster_rcnn-detector512/checkpoints/last.pt
epoch=418 train_loss=0.501060 lr=0.001 selection=val_map_50_95:0.621945 best=false images=320/320 skipped=0 elapsed=5212.46s val_loss=0.520586 val_map50=0.957065 val_map50_95=0.621945
epoch 419/500 training
epoch 419/500 validation
epoch 419/500 validation loss
checkpoint last saved: runs/reproduced/faster_rcnn-detector512/checkpoints/last.pt
epoch=419 train_loss=0.499498 lr=0.001 selection=val_map_50_95:0.635322 best=false images=320/320 skipped=0 elapsed=5224.64s val_loss=0.526724 val_map50=0.956925 val_map50_95=0.635322
epoch 420/500 training
epoch 420/500 validation
epoch 420/500 validation loss
checkpoint last saved: runs/reproduced/faster_rcnn-detector512/checkpoints/last.pt
epoch=420 train_loss=0.469864 lr=0.001 selection=val_map_50_95:0.623421 best=false images=320/320 skipped=0 elapsed=5237.01s val_loss=0.514784 val_map50=0.947567 val_map50_95=0.623421
epoch 421/500 training
epoch 421/500 validation
epoch 421/500 validation loss
checkpoint last saved: runs/reproduced/faster_rcnn-detector512/checkpoints/last.pt
epoch=421 train_loss=0.498518 lr=0.001 selection=val_map_50_95:0.632749 best=false images=320/320 skipped=0 elapsed=5249.30s val_loss=0.512019 val_map50=0.956885 val_map50_95=0.632749
epoch 422/500 training
epoch 422/500 validation
epoch 422/500 validation loss
checkpoint last saved: runs/reproduced/faster_rcnn-detector512/checkpoints/last.pt
checkpoint best updated: epoch 422 metric=0.641761
epoch=422 train_loss=0.487058 lr=0.001 selection=val_map_50_95:0.641761 best=true images=320/320 skipped=0 elapsed=5262.66s val_loss=0.490191 val_map50=0.947604 val_map50_95=0.641761
epoch 423/500 training
epoch 423/500 validation
epoch 423/500 validation loss
checkpoint last saved: runs/reproduced/faster_rcnn-detector512/checkpoints/last.pt
epoch=423 train_loss=0.478114 lr=0.001 selection=val_map_50_95:0.636879 best=false images=320/320 skipped=0 elapsed=5275.38s val_loss=0.510894 val_map50=0.957007 val_map50_95=0.636879
epoch 424/500 training
epoch 424/500 validation
epoch 424/500 validation loss
checkpoint last saved: runs/reproduced/faster_rcnn-detector512/checkpoints/last.pt
epoch=424 train_loss=0.507989 lr=0.001 selection=val_map_50_95:0.634368 best=false images=320/320 skipped=0 elapsed=5287.54s val_loss=0.518202 val_map50=0.947361 val_map50_95=0.634368
epoch 425/500 training
epoch 425/500 validation
epoch 425/500 validation loss
checkpoint last saved: runs/reproduced/faster_rcnn-detector512/checkpoints/last.pt
epoch=425 train_loss=0.478409 lr=0.001 selection=val_map_50_95:0.640228 best=false images=320/320 skipped=0 elapsed=5299.85s val_loss=0.508399 val_map50=0.956731 val_map50_95=0.640228
epoch 426/500 training
epoch 426/500 validation
epoch 426/500 validation loss
checkpoint last saved: runs/reproduced/faster_rcnn-detector512/checkpoints/last.pt
epoch=426 train_loss=0.505408 lr=0.001 selection=val_map_50_95:0.638911 best=false images=320/320 skipped=0 elapsed=5311.74s val_loss=0.510994 val_map50=0.956836 val_map50_95=0.638911
epoch 427/500 training
epoch 427/500 validation
epoch 427/500 validation loss
checkpoint last saved: runs/reproduced/faster_rcnn-detector512/checkpoints/last.pt
epoch=427 train_loss=0.479578 lr=0.001 selection=val_map_50_95:0.627174 best=false images=320/320 skipped=0 elapsed=5324.06s val_loss=0.517997 val_map50=0.947087 val_map50_95=0.627174
epoch 428/500 training
epoch 428/500 validation
epoch 428/500 validation loss
checkpoint last saved: runs/reproduced/faster_rcnn-detector512/checkpoints/last.pt
epoch=428 train_loss=0.497379 lr=0.001 selection=val_map_50_95:0.630780 best=false images=320/320 skipped=0 elapsed=5336.05s val_loss=0.516935 val_map50=0.947199 val_map50_95=0.630780
epoch 429/500 training
epoch 429/500 validation
epoch 429/500 validation loss
checkpoint last saved: runs/reproduced/faster_rcnn-detector512/checkpoints/last.pt
epoch=429 train_loss=0.495868 lr=0.001 selection=val_map_50_95:0.639535 best=false images=320/320 skipped=0 elapsed=5348.17s val_loss=0.511329 val_map50=0.956605 val_map50_95=0.639535
epoch 430/500 training
epoch 430/500 validation
epoch 430/500 validation loss
checkpoint last saved: runs/reproduced/faster_rcnn-detector512/checkpoints/last.pt
epoch=430 train_loss=0.496505 lr=0.001 selection=val_map_50_95:0.639009 best=false images=320/320 skipped=0 elapsed=5363.10s val_loss=0.512144 val_map50=0.957005 val_map50_95=0.639009
epoch 431/500 training
epoch 431/500 validation
epoch 431/500 validation loss
checkpoint last saved: runs/reproduced/faster_rcnn-detector512/checkpoints/last.pt
epoch=431 train_loss=0.510053 lr=0.001 selection=val_map_50_95:0.633923 best=false images=320/320 skipped=0 elapsed=5375.40s val_loss=0.508290 val_map50=0.957277 val_map50_95=0.633923
epoch 432/500 training
epoch 432/500 validation
epoch 432/500 validation loss
checkpoint last saved: runs/reproduced/faster_rcnn-detector512/checkpoints/last.pt
epoch=432 train_loss=0.498855 lr=0.001 selection=val_map_50_95:0.615722 best=false images=320/320 skipped=0 elapsed=5388.12s val_loss=0.529501 val_map50=0.966107 val_map50_95=0.615722
epoch 433/500 training
epoch 433/500 validation
epoch 433/500 validation loss
checkpoint last saved: runs/reproduced/faster_rcnn-detector512/checkpoints/last.pt
epoch=433 train_loss=0.491043 lr=0.001 selection=val_map_50_95:0.634204 best=false images=320/320 skipped=0 elapsed=5400.15s val_loss=0.511527 val_map50=0.957171 val_map50_95=0.634204
epoch 434/500 training
epoch 434/500 validation
epoch 434/500 validation loss
checkpoint last saved: runs/reproduced/faster_rcnn-detector512/checkpoints/last.pt
epoch=434 train_loss=0.503502 lr=0.001 selection=val_map_50_95:0.636971 best=false images=320/320 skipped=0 elapsed=5412.22s val_loss=0.505913 val_map50=0.956524 val_map50_95=0.636971
epoch 435/500 training
epoch 435/500 validation
epoch 435/500 validation loss
checkpoint last saved: runs/reproduced/faster_rcnn-detector512/checkpoints/last.pt
epoch=435 train_loss=0.487169 lr=0.001 selection=val_map_50_95:0.637558 best=false images=320/320 skipped=0 elapsed=5424.56s val_loss=0.505065 val_map50=0.956799 val_map50_95=0.637558
epoch 436/500 training
epoch 436/500 validation
epoch 436/500 validation loss
checkpoint last saved: runs/reproduced/faster_rcnn-detector512/checkpoints/last.pt
epoch=436 train_loss=0.486059 lr=0.001 selection=val_map_50_95:0.639417 best=false images=320/320 skipped=0 elapsed=5436.94s val_loss=0.504874 val_map50=0.956853 val_map50_95=0.639417
epoch 437/500 training
epoch 437/500 validation
epoch 437/500 validation loss
checkpoint last saved: runs/reproduced/faster_rcnn-detector512/checkpoints/last.pt
epoch=437 train_loss=0.479773 lr=0.001 selection=val_map_50_95:0.633070 best=false images=320/320 skipped=0 elapsed=5449.18s val_loss=0.510196 val_map50=0.956850 val_map50_95=0.633070
epoch 438/500 training
epoch 438/500 validation
epoch 438/500 validation loss
checkpoint last saved: runs/reproduced/faster_rcnn-detector512/checkpoints/last.pt
epoch=438 train_loss=0.486431 lr=0.001 selection=val_map_50_95:0.637547 best=false images=320/320 skipped=0 elapsed=5461.61s val_loss=0.521254 val_map50=0.966306 val_map50_95=0.637547
epoch 439/500 training
epoch 439/500 validation
epoch 439/500 validation loss
checkpoint last saved: runs/reproduced/faster_rcnn-detector512/checkpoints/last.pt
epoch=439 train_loss=0.495770 lr=0.001 selection=val_map_50_95:0.632434 best=false images=320/320 skipped=0 elapsed=5473.79s val_loss=0.510305 val_map50=0.956730 val_map50_95=0.632434
epoch 440/500 training
epoch 440/500 validation
epoch 440/500 validation loss
checkpoint last saved: runs/reproduced/faster_rcnn-detector512/checkpoints/last.pt
epoch=440 train_loss=0.482671 lr=0.001 selection=val_map_50_95:0.631707 best=false images=320/320 skipped=0 elapsed=5486.01s val_loss=0.515352 val_map50=0.966296 val_map50_95=0.631707
epoch 441/500 training
epoch 441/500 validation
epoch 441/500 validation loss
checkpoint last saved: runs/reproduced/faster_rcnn-detector512/checkpoints/last.pt
epoch=441 train_loss=0.480011 lr=0.001 selection=val_map_50_95:0.626135 best=false images=320/320 skipped=0 elapsed=5498.28s val_loss=0.527289 val_map50=0.956527 val_map50_95=0.626135
epoch 442/500 training
epoch 442/500 validation
epoch 442/500 validation loss
checkpoint last saved: runs/reproduced/faster_rcnn-detector512/checkpoints/last.pt
epoch=442 train_loss=0.503195 lr=0.001 selection=val_map_50_95:0.627347 best=false images=320/320 skipped=0 elapsed=5510.57s val_loss=0.513807 val_map50=0.956956 val_map50_95=0.627347
epoch 443/500 training
epoch 443/500 validation
epoch 443/500 validation loss
checkpoint last saved: runs/reproduced/faster_rcnn-detector512/checkpoints/last.pt
epoch=443 train_loss=0.510101 lr=0.001 selection=val_map_50_95:0.629560 best=false images=320/320 skipped=0 elapsed=5523.51s val_loss=0.521243 val_map50=0.956881 val_map50_95=0.629560
epoch 444/500 training
epoch 444/500 validation
epoch 444/500 validation loss
checkpoint last saved: runs/reproduced/faster_rcnn-detector512/checkpoints/last.pt
epoch=444 train_loss=0.480633 lr=0.001 selection=val_map_50_95:0.641025 best=false images=320/320 skipped=0 elapsed=5535.34s val_loss=0.508391 val_map50=0.956705 val_map50_95=0.641025
epoch 445/500 training
epoch 445/500 validation
epoch 445/500 validation loss
checkpoint last saved: runs/reproduced/faster_rcnn-detector512/checkpoints/last.pt
checkpoint best updated: epoch 445 metric=0.644521
epoch=445 train_loss=0.514593 lr=0.001 selection=val_map_50_95:0.644521 best=true images=320/320 skipped=0 elapsed=5548.37s val_loss=0.509376 val_map50=0.956914 val_map50_95=0.644521
epoch 446/500 training
epoch 446/500 validation
epoch 446/500 validation loss
checkpoint last saved: runs/reproduced/faster_rcnn-detector512/checkpoints/last.pt
checkpoint best updated: epoch 446 metric=0.646825
epoch=446 train_loss=0.494501 lr=0.001 selection=val_map_50_95:0.646825 best=true images=320/320 skipped=0 elapsed=5561.72s val_loss=0.507148 val_map50=0.956577 val_map50_95=0.646825
epoch 447/500 training
epoch 447/500 validation
epoch 447/500 validation loss
checkpoint last saved: runs/reproduced/faster_rcnn-detector512/checkpoints/last.pt
epoch=447 train_loss=0.478329 lr=0.001 selection=val_map_50_95:0.630088 best=false images=320/320 skipped=0 elapsed=5574.01s val_loss=0.521554 val_map50=0.956739 val_map50_95=0.630088
epoch 448/500 training
epoch 448/500 validation
epoch 448/500 validation loss
checkpoint last saved: runs/reproduced/faster_rcnn-detector512/checkpoints/last.pt
epoch=448 train_loss=0.483180 lr=0.001 selection=val_map_50_95:0.639862 best=false images=320/320 skipped=0 elapsed=5586.68s val_loss=0.516152 val_map50=0.966460 val_map50_95=0.639862
epoch 449/500 training
epoch 449/500 validation
epoch 449/500 validation loss
checkpoint last saved: runs/reproduced/faster_rcnn-detector512/checkpoints/last.pt
epoch=449 train_loss=0.490563 lr=0.001 selection=val_map_50_95:0.615421 best=false images=320/320 skipped=0 elapsed=5598.77s val_loss=0.532269 val_map50=0.956773 val_map50_95=0.615421
epoch 450/500 training
epoch 450/500 validation
epoch 450/500 validation loss
checkpoint last saved: runs/reproduced/faster_rcnn-detector512/checkpoints/last.pt
epoch=450 train_loss=0.496875 lr=0.001 selection=val_map_50_95:0.611120 best=false images=320/320 skipped=0 elapsed=5611.42s val_loss=0.542737 val_map50=0.966067 val_map50_95=0.611120
epoch 451/500 training
epoch 451/500 validation
epoch 451/500 validation loss
checkpoint last saved: runs/reproduced/faster_rcnn-detector512/checkpoints/last.pt
epoch=451 train_loss=0.486987 lr=0.001 selection=val_map_50_95:0.631587 best=false images=320/320 skipped=0 elapsed=5623.34s val_loss=0.504661 val_map50=0.957117 val_map50_95=0.631587
epoch 452/500 training
epoch 452/500 validation
epoch 452/500 validation loss
checkpoint last saved: runs/reproduced/faster_rcnn-detector512/checkpoints/last.pt
epoch=452 train_loss=0.492017 lr=0.001 selection=val_map_50_95:0.628762 best=false images=320/320 skipped=0 elapsed=5635.52s val_loss=0.519155 val_map50=0.956974 val_map50_95=0.628762
epoch 453/500 training
epoch 453/500 validation
epoch 453/500 validation loss
checkpoint last saved: runs/reproduced/faster_rcnn-detector512/checkpoints/last.pt
epoch=453 train_loss=0.494886 lr=0.001 selection=val_map_50_95:0.604263 best=false images=320/320 skipped=0 elapsed=5647.66s val_loss=0.563905 val_map50=0.966494 val_map50_95=0.604263
epoch 454/500 training
epoch 454/500 validation
epoch 454/500 validation loss
checkpoint last saved: runs/reproduced/faster_rcnn-detector512/checkpoints/last.pt
epoch=454 train_loss=0.492108 lr=0.001 selection=val_map_50_95:0.625938 best=false images=320/320 skipped=0 elapsed=5660.01s val_loss=0.512755 val_map50=0.957121 val_map50_95=0.625938
epoch 455/500 training
epoch 455/500 validation
epoch 455/500 validation loss
checkpoint last saved: runs/reproduced/faster_rcnn-detector512/checkpoints/last.pt
epoch=455 train_loss=0.492244 lr=0.001 selection=val_map_50_95:0.625072 best=false images=320/320 skipped=0 elapsed=5675.70s val_loss=0.517396 val_map50=0.956809 val_map50_95=0.625072
epoch 456/500 training
epoch 456/500 validation
epoch 456/500 validation loss
checkpoint last saved: runs/reproduced/faster_rcnn-detector512/checkpoints/last.pt
epoch=456 train_loss=0.481461 lr=0.001 selection=val_map_50_95:0.636961 best=false images=320/320 skipped=0 elapsed=5688.37s val_loss=0.503733 val_map50=0.956917 val_map50_95=0.636961
epoch 457/500 training
epoch 457/500 validation
epoch 457/500 validation loss
checkpoint last saved: runs/reproduced/faster_rcnn-detector512/checkpoints/last.pt
epoch=457 train_loss=0.483791 lr=0.001 selection=val_map_50_95:0.628883 best=false images=320/320 skipped=0 elapsed=5700.40s val_loss=0.521174 val_map50=0.957065 val_map50_95=0.628883
epoch 458/500 training
epoch 458/500 validation
epoch 458/500 validation loss
checkpoint last saved: runs/reproduced/faster_rcnn-detector512/checkpoints/last.pt
epoch=458 train_loss=0.475036 lr=0.001 selection=val_map_50_95:0.637810 best=false images=320/320 skipped=0 elapsed=5712.62s val_loss=0.509640 val_map50=0.957144 val_map50_95=0.637810
epoch 459/500 training
epoch 459/500 validation
epoch 459/500 validation loss
checkpoint last saved: runs/reproduced/faster_rcnn-detector512/checkpoints/last.pt
epoch=459 train_loss=0.478978 lr=0.001 selection=val_map_50_95:0.637448 best=false images=320/320 skipped=0 elapsed=5724.89s val_loss=0.505855 val_map50=0.957151 val_map50_95=0.637448
epoch 460/500 training
epoch 460/500 validation
epoch 460/500 validation loss
checkpoint last saved: runs/reproduced/faster_rcnn-detector512/checkpoints/last.pt
epoch=460 train_loss=0.467940 lr=0.001 selection=val_map_50_95:0.639247 best=false images=320/320 skipped=0 elapsed=5737.11s val_loss=0.507799 val_map50=0.957084 val_map50_95=0.639247
epoch 461/500 training
epoch 461/500 validation
epoch 461/500 validation loss
checkpoint last saved: runs/reproduced/faster_rcnn-detector512/checkpoints/last.pt
epoch=461 train_loss=0.470587 lr=0.001 selection=val_map_50_95:0.628809 best=false images=320/320 skipped=0 elapsed=5749.14s val_loss=0.524389 val_map50=0.966876 val_map50_95=0.628809
epoch 462/500 training
epoch 462/500 validation
epoch 462/500 validation loss
checkpoint last saved: runs/reproduced/faster_rcnn-detector512/checkpoints/last.pt
epoch=462 train_loss=0.470271 lr=0.001 selection=val_map_50_95:0.642517 best=false images=320/320 skipped=0 elapsed=5761.39s val_loss=0.492341 val_map50=0.957047 val_map50_95=0.642517
epoch 463/500 training
epoch 463/500 validation
epoch 463/500 validation loss
checkpoint last saved: runs/reproduced/faster_rcnn-detector512/checkpoints/last.pt
epoch=463 train_loss=0.475502 lr=0.001 selection=val_map_50_95:0.636189 best=false images=320/320 skipped=0 elapsed=5779.51s val_loss=0.500998 val_map50=0.947968 val_map50_95=0.636189
epoch 464/500 training
epoch 464/500 validation
epoch 464/500 validation loss
checkpoint last saved: runs/reproduced/faster_rcnn-detector512/checkpoints/last.pt
epoch=464 train_loss=0.477268 lr=0.001 selection=val_map_50_95:0.624369 best=false images=320/320 skipped=0 elapsed=5791.59s val_loss=0.523716 val_map50=0.966681 val_map50_95=0.624369
epoch 465/500 training
epoch 465/500 validation
epoch 465/500 validation loss
checkpoint last saved: runs/reproduced/faster_rcnn-detector512/checkpoints/last.pt
epoch=465 train_loss=0.495377 lr=0.001 selection=val_map_50_95:0.617014 best=false images=320/320 skipped=0 elapsed=5803.76s val_loss=0.527809 val_map50=0.957204 val_map50_95=0.617014
epoch 466/500 training
epoch 466/500 validation
epoch 466/500 validation loss
checkpoint last saved: runs/reproduced/faster_rcnn-detector512/checkpoints/last.pt
epoch=466 train_loss=0.477974 lr=0.001 selection=val_map_50_95:0.609147 best=false images=320/320 skipped=0 elapsed=5815.91s val_loss=0.553074 val_map50=0.966421 val_map50_95=0.609147
epoch 467/500 training
epoch 467/500 validation
epoch 467/500 validation loss
checkpoint last saved: runs/reproduced/faster_rcnn-detector512/checkpoints/last.pt
epoch=467 train_loss=0.504051 lr=0.001 selection=val_map_50_95:0.625059 best=false images=320/320 skipped=0 elapsed=5828.40s val_loss=0.523047 val_map50=0.957034 val_map50_95=0.625059
epoch 468/500 training
epoch 468/500 validation
epoch 468/500 validation loss
checkpoint last saved: runs/reproduced/faster_rcnn-detector512/checkpoints/last.pt
epoch=468 train_loss=0.489215 lr=0.001 selection=val_map_50_95:0.632287 best=false images=320/320 skipped=0 elapsed=5840.56s val_loss=0.513296 val_map50=0.957184 val_map50_95=0.632287
epoch 469/500 training
epoch 469/500 validation
epoch 469/500 validation loss
checkpoint last saved: runs/reproduced/faster_rcnn-detector512/checkpoints/last.pt
epoch=469 train_loss=0.498120 lr=0.001 selection=val_map_50_95:0.635265 best=false images=320/320 skipped=0 elapsed=5853.28s val_loss=0.509713 val_map50=0.957301 val_map50_95=0.635265
epoch 470/500 training
epoch 470/500 validation
epoch 470/500 validation loss
checkpoint last saved: runs/reproduced/faster_rcnn-detector512/checkpoints/last.pt
epoch=470 train_loss=0.479236 lr=0.001 selection=val_map_50_95:0.635938 best=false images=320/320 skipped=0 elapsed=5865.37s val_loss=0.510972 val_map50=0.947536 val_map50_95=0.635938
epoch 471/500 training
epoch 471/500 validation
epoch 471/500 validation loss
checkpoint last saved: runs/reproduced/faster_rcnn-detector512/checkpoints/last.pt
epoch=471 train_loss=0.468932 lr=0.001 selection=val_map_50_95:0.616119 best=false images=320/320 skipped=0 elapsed=5877.50s val_loss=0.533911 val_map50=0.966583 val_map50_95=0.616119
epoch 472/500 training
epoch 472/500 validation
epoch 472/500 validation loss
checkpoint last saved: runs/reproduced/faster_rcnn-detector512/checkpoints/last.pt
epoch=472 train_loss=0.463657 lr=0.001 selection=val_map_50_95:0.641124 best=false images=320/320 skipped=0 elapsed=5890.09s val_loss=0.500842 val_map50=0.957095 val_map50_95=0.641124
epoch 473/500 training
epoch 473/500 validation
epoch 473/500 validation loss
checkpoint last saved: runs/reproduced/faster_rcnn-detector512/checkpoints/last.pt
epoch=473 train_loss=0.495834 lr=0.001 selection=val_map_50_95:0.627345 best=false images=320/320 skipped=0 elapsed=5902.19s val_loss=0.532310 val_map50=0.957086 val_map50_95=0.627345
epoch 474/500 training
epoch 474/500 validation
epoch 474/500 validation loss
checkpoint last saved: runs/reproduced/faster_rcnn-detector512/checkpoints/last.pt
epoch=474 train_loss=0.485691 lr=0.001 selection=val_map_50_95:0.638567 best=false images=320/320 skipped=0 elapsed=5914.20s val_loss=0.504515 val_map50=0.947720 val_map50_95=0.638567
epoch 475/500 training
epoch 475/500 validation
epoch 475/500 validation loss
checkpoint last saved: runs/reproduced/faster_rcnn-detector512/checkpoints/last.pt
epoch=475 train_loss=0.481593 lr=0.001 selection=val_map_50_95:0.640863 best=false images=320/320 skipped=0 elapsed=5926.56s val_loss=0.508889 val_map50=0.957071 val_map50_95=0.640863
epoch 476/500 training
epoch 476/500 validation
epoch 476/500 validation loss
checkpoint last saved: runs/reproduced/faster_rcnn-detector512/checkpoints/last.pt
epoch=476 train_loss=0.477362 lr=0.001 selection=val_map_50_95:0.643029 best=false images=320/320 skipped=0 elapsed=5938.92s val_loss=0.503985 val_map50=0.956970 val_map50_95=0.643029
epoch 477/500 training
epoch 477/500 validation
epoch 477/500 validation loss
checkpoint last saved: runs/reproduced/faster_rcnn-detector512/checkpoints/last.pt
epoch=477 train_loss=0.492051 lr=0.001 selection=val_map_50_95:0.642806 best=false images=320/320 skipped=0 elapsed=5951.08s val_loss=0.510993 val_map50=0.957073 val_map50_95=0.642806
epoch 478/500 training
epoch 478/500 validation
epoch 478/500 validation loss
checkpoint last saved: runs/reproduced/faster_rcnn-detector512/checkpoints/last.pt
epoch=478 train_loss=0.477110 lr=0.001 selection=val_map_50_95:0.638622 best=false images=320/320 skipped=0 elapsed=5963.40s val_loss=0.506643 val_map50=0.956744 val_map50_95=0.638622
epoch 479/500 training
epoch 479/500 validation
epoch 479/500 validation loss
checkpoint last saved: runs/reproduced/faster_rcnn-detector512/checkpoints/last.pt
epoch=479 train_loss=0.497754 lr=0.001 selection=val_map_50_95:0.638649 best=false images=320/320 skipped=0 elapsed=5975.44s val_loss=0.504070 val_map50=0.956929 val_map50_95=0.638649
epoch 480/500 training
epoch 480/500 validation
epoch 480/500 validation loss
checkpoint last saved: runs/reproduced/faster_rcnn-detector512/checkpoints/last.pt
epoch=480 train_loss=0.459628 lr=0.001 selection=val_map_50_95:0.642630 best=false images=320/320 skipped=0 elapsed=5987.39s val_loss=0.506367 val_map50=0.956783 val_map50_95=0.642630
epoch 481/500 training
epoch 481/500 validation
epoch 481/500 validation loss
checkpoint last saved: runs/reproduced/faster_rcnn-detector512/checkpoints/last.pt
epoch=481 train_loss=0.482761 lr=0.001 selection=val_map_50_95:0.645044 best=false images=320/320 skipped=0 elapsed=5999.72s val_loss=0.510457 val_map50=0.956794 val_map50_95=0.645044
epoch 482/500 training
epoch 482/500 validation
epoch 482/500 validation loss
checkpoint last saved: runs/reproduced/faster_rcnn-detector512/checkpoints/last.pt
epoch=482 train_loss=0.477961 lr=0.001 selection=val_map_50_95:0.630516 best=false images=320/320 skipped=0 elapsed=6011.66s val_loss=0.527828 val_map50=0.966366 val_map50_95=0.630516
epoch 483/500 training
epoch 483/500 validation
epoch 483/500 validation loss
checkpoint last saved: runs/reproduced/faster_rcnn-detector512/checkpoints/last.pt
epoch=483 train_loss=0.477481 lr=0.001 selection=val_map_50_95:0.626208 best=false images=320/320 skipped=0 elapsed=6023.86s val_loss=0.527995 val_map50=0.956867 val_map50_95=0.626208
epoch 484/500 training
epoch 484/500 validation
epoch 484/500 validation loss
checkpoint last saved: runs/reproduced/faster_rcnn-detector512/checkpoints/last.pt
epoch=484 train_loss=0.471715 lr=0.001 selection=val_map_50_95:0.633650 best=false images=320/320 skipped=0 elapsed=6036.03s val_loss=0.515391 val_map50=0.947625 val_map50_95=0.633650
epoch 485/500 training
epoch 485/500 validation
epoch 485/500 validation loss
checkpoint last saved: runs/reproduced/faster_rcnn-detector512/checkpoints/last.pt
epoch=485 train_loss=0.475271 lr=0.001 selection=val_map_50_95:0.637592 best=false images=320/320 skipped=0 elapsed=6048.03s val_loss=0.513186 val_map50=0.957137 val_map50_95=0.637592
epoch 486/500 training
epoch 486/500 validation
epoch 486/500 validation loss
checkpoint last saved: runs/reproduced/faster_rcnn-detector512/checkpoints/last.pt
epoch=486 train_loss=0.474675 lr=0.001 selection=val_map_50_95:0.633344 best=false images=320/320 skipped=0 elapsed=6060.78s val_loss=0.511839 val_map50=0.957001 val_map50_95=0.633344
epoch 487/500 training
epoch 487/500 validation
epoch 487/500 validation loss
checkpoint last saved: runs/reproduced/faster_rcnn-detector512/checkpoints/last.pt
epoch=487 train_loss=0.464490 lr=0.001 selection=val_map_50_95:0.638460 best=false images=320/320 skipped=0 elapsed=6072.91s val_loss=0.500637 val_map50=0.956954 val_map50_95=0.638460
epoch 488/500 training
epoch 488/500 validation
epoch 488/500 validation loss
checkpoint last saved: runs/reproduced/faster_rcnn-detector512/checkpoints/last.pt
epoch=488 train_loss=0.479769 lr=0.001 selection=val_map_50_95:0.636417 best=false images=320/320 skipped=0 elapsed=6084.67s val_loss=0.509428 val_map50=0.947247 val_map50_95=0.636417
epoch 489/500 training
epoch 489/500 validation
epoch 489/500 validation loss
checkpoint last saved: runs/reproduced/faster_rcnn-detector512/checkpoints/last.pt
epoch=489 train_loss=0.500731 lr=0.001 selection=val_map_50_95:0.642386 best=false images=320/320 skipped=0 elapsed=6096.68s val_loss=0.506140 val_map50=0.947304 val_map50_95=0.642386
epoch 490/500 training
epoch 490/500 validation
epoch 490/500 validation loss
checkpoint last saved: runs/reproduced/faster_rcnn-detector512/checkpoints/last.pt
epoch=490 train_loss=0.464834 lr=0.001 selection=val_map_50_95:0.639549 best=false images=320/320 skipped=0 elapsed=6108.74s val_loss=0.509378 val_map50=0.956723 val_map50_95=0.639549
epoch 491/500 training
epoch 491/500 validation
epoch 491/500 validation loss
checkpoint last saved: runs/reproduced/faster_rcnn-detector512/checkpoints/last.pt
epoch=491 train_loss=0.485110 lr=0.001 selection=val_map_50_95:0.634532 best=false images=320/320 skipped=0 elapsed=6120.94s val_loss=0.516497 val_map50=0.956748 val_map50_95=0.634532
epoch 492/500 training
epoch 492/500 validation
epoch 492/500 validation loss
checkpoint last saved: runs/reproduced/faster_rcnn-detector512/checkpoints/last.pt
epoch=492 train_loss=0.478640 lr=0.001 selection=val_map_50_95:0.641680 best=false images=320/320 skipped=0 elapsed=6133.20s val_loss=0.504970 val_map50=0.947584 val_map50_95=0.641680
epoch 493/500 training
epoch 493/500 validation
epoch 493/500 validation loss
checkpoint last saved: runs/reproduced/faster_rcnn-detector512/checkpoints/last.pt
epoch=493 train_loss=0.472630 lr=0.001 selection=val_map_50_95:0.633734 best=false images=320/320 skipped=0 elapsed=6145.47s val_loss=0.513752 val_map50=0.947199 val_map50_95=0.633734
epoch 494/500 training
epoch 494/500 validation
epoch 494/500 validation loss
checkpoint last saved: runs/reproduced/faster_rcnn-detector512/checkpoints/last.pt
epoch=494 train_loss=0.473030 lr=0.001 selection=val_map_50_95:0.635355 best=false images=320/320 skipped=0 elapsed=6157.31s val_loss=0.528548 val_map50=0.966229 val_map50_95=0.635355
epoch 495/500 training
epoch 495/500 validation
epoch 495/500 validation loss
checkpoint last saved: runs/reproduced/faster_rcnn-detector512/checkpoints/last.pt
epoch=495 train_loss=0.465340 lr=0.001 selection=val_map_50_95:0.637489 best=false images=320/320 skipped=0 elapsed=6169.50s val_loss=0.512116 val_map50=0.956826 val_map50_95=0.637489
epoch 496/500 training
epoch 496/500 validation
epoch 496/500 validation loss
checkpoint last saved: runs/reproduced/faster_rcnn-detector512/checkpoints/last.pt
epoch=496 train_loss=0.466413 lr=0.001 selection=val_map_50_95:0.639616 best=false images=320/320 skipped=0 elapsed=6181.77s val_loss=0.510498 val_map50=0.956542 val_map50_95=0.639616
epoch 497/500 training
epoch 497/500 validation
epoch 497/500 validation loss
checkpoint last saved: runs/reproduced/faster_rcnn-detector512/checkpoints/last.pt
epoch=497 train_loss=0.484204 lr=0.001 selection=val_map_50_95:0.623490 best=false images=320/320 skipped=0 elapsed=6194.80s val_loss=0.520233 val_map50=0.965694 val_map50_95=0.623490
epoch 498/500 training
epoch 498/500 validation
epoch 498/500 validation loss
checkpoint last saved: runs/reproduced/faster_rcnn-detector512/checkpoints/last.pt
epoch=498 train_loss=0.491257 lr=0.001 selection=val_map_50_95:0.641037 best=false images=320/320 skipped=0 elapsed=6206.72s val_loss=0.512396 val_map50=0.956801 val_map50_95=0.641037
epoch 499/500 training
epoch 499/500 validation
epoch 499/500 validation loss
checkpoint last saved: runs/reproduced/faster_rcnn-detector512/checkpoints/last.pt
epoch=499 train_loss=0.469539 lr=0.001 selection=val_map_50_95:0.636013 best=false images=320/320 skipped=0 elapsed=6218.66s val_loss=0.509101 val_map50=0.956704 val_map50_95=0.636013
epoch 500/500 training
epoch 500/500 validation
epoch 500/500 validation loss
checkpoint last saved: runs/reproduced/faster_rcnn-detector512/checkpoints/last.pt
epoch=500 train_loss=0.488420 lr=0.001 selection=val_map_50_95:0.630842 best=false images=320/320 skipped=0 elapsed=6230.96s val_loss=0.523714 val_map50=0.956842 val_map50_95=0.630842
training complete: best_epoch:446 best_metric=0.646825 checkpoint=runs/reproduced/faster_rcnn-detector512/checkpoints/best.pt
training complete; finalizing run metadata
